Checked,Title,URL,Upload Date,Views
[x],八字到底是原局重要还是大运重要？,https://www.youtube.com/watch?v=a7poPSYMvYM&pp=2AYD,,
[x],八字身弱“食伤”与“官杀”两旺，二者构成对峙是怎样一种人生局面？,https://www.youtube.com/watch?v=qARhHvUYRIA,,
[x],八字女命的“财星”对夫星有情，很多女命八字从自我角度讲不喜见到太多“财星”，这是为何呢？,https://www.youtube.com/watch?v=TwnGW4TAlDU&pp=2AYL,,
[x],八字宫位的能量气势是如何影响富贵贫贱的？,https://www.youtube.com/watch?v=C6cC2DbOUuY,,
[x],八字“印制食伤护官”的命理底层逻辑，这种人为什么最狠？,https://www.youtube.com/watch?v=21L46RmC_F8,,
[x],八字日支坐“财星”的婚姻感情有何特点？,https://www.youtube.com/watch?v=cLsdWccTnG8&pp=2AbkAQ%3D%3D,,
[x],八字“用神”无根就没法用了吗？“用神”透干和见根到底哪个更重要？,https://www.youtube.com/watch?v=yYVFCtSdIHQ,,
[x],八字“正官女”和“七杀女”的长相气质有何区别？,https://www.youtube.com/watch?v=PFhV8sOk-0M,,
[x],八字身弱财官旺者的自救方针，配印才是王道，才有机会暴富，你知道吗？,https://www.youtube.com/watch?v=7hD0SOtZBk4,,
[x],2025年己丑月运势,https://www.youtube.com/watch?v=cMn1pIr5vd0,,
[x],“表里如一”和“表里不一”之人的八字组合到底有何区别？,https://www.youtube.com/watch?v=r2ACd0fx3ZE,,
[x],八字如何看你的财富等级大小？,https://www.youtube.com/watch?v=qS-JPQ4G5IM,,
[x],八字“正偏印”混杂，对人生会有什么影响？,https://www.youtube.com/watch?v=itYX8WUOzHY,,
[x],什么八字组合配偶容易犯桃花甚至出轨？,https://www.youtube.com/watch?v=VbM88i8Savc,,
[x],八字格局用神和体用神是不同的概念，格局如果“逆体”是很痛苦的，但并不影响你的人生成就，你知道吗？,https://www.youtube.com/watch?v=2Yrn81VR96c,,
[x],八字并不是只有“食伤”代表技术，“官杀”为用也可以成为技术专家，你知道吗？,https://www.youtube.com/watch?v=zqcj0vkMDYo,,
[x],八字“财星制印”为用者喜欢不走寻常路，它的底层逻辑如何理解？,https://www.youtube.com/watch?v=59xJ0XVcxpQ,,
[x],什么样的八字组合比较聪明？,https://www.youtube.com/watch?v=55NQXxohjJs,,
[x],八字“食伤”的高级打开模式——印生比劫生食伤，为什么会主服务之象？,https://www.youtube.com/watch?v=hCo3TJv0eb0,,
[x],八字“伤官见官”易犯牢狱之灾的特殊命理组合，十见九犯，你知道吗？,https://www.youtube.com/watch?v=RaSwvyh-wcY&pp=0gcJCU0KAYcqIYzv,,
[x],八字大运到底是重天干还是重地支？,https://www.youtube.com/watch?v=uTUq62WSg08,,
[x],八字“官印相生”的格局，“正印”和“偏印”有什么区别？,https://www.youtube.com/watch?v=ojD1qOjxyY0,,
[x],八字何为格局的“救格”？救应有情反而能使格局层次更高，你知道吗？,https://www.youtube.com/watch?v=-jZmafPTNLM&pp=2AYB,,
[x],八字“官杀”为道之原则，人最好要带点“官杀”之气。,https://www.youtube.com/watch?v=mivXHr8F4CU,,
[x],什么样的八字组合容易给他人做嫁衣？,https://www.youtube.com/watch?v=9QvX-T26oZE,,
[x],八字“劫财”的黑暗属性，它在不同的四柱宫位对人生都有哪些负面影响？,https://www.youtube.com/watch?v=tkQFBtGfwnE,,
[x],什么八字组合容易发生“家道中落”？,https://www.youtube.com/watch?v=mncZEucadU4,,
[x],八字地支六害必有七伤之事，到底是哪七伤呢？,https://www.youtube.com/watch?v=1_1_5RrsHpY&pp=2AapAg%3D%3D,,
[x],八字“食神制杀”的格局，到底是制过“七杀”当财看还是制不住当财看？,https://www.youtube.com/watch?v=5zlnxOqXpgc,,
[x],爱美人士看过来：什么样的八字适合整容？,https://www.youtube.com/watch?v=F0WuY7GSH2c,,
[x],八字何为“独根怕无源”？“独根伤尽赴黄泉”是真的吗？,https://www.youtube.com/watch?v=4_s-sMtt3As,,
[x],八字“偏印女”的恋爱感情有何特点？,https://www.youtube.com/watch?v=El9FeYnzLFA,,
[x],八字“官杀”太旺为忌，千万不要用“比劫”来扛，这属于纯烈士行为，你知道吗？,https://www.youtube.com/watch?v=XZhU40x1eJo,,
[x],八字到底什么样才是真正的好大运？,https://www.youtube.com/watch?v=Fh39QG4cSnU,,
[x],八字“印禄相随”不是一种格局，更代表不了富贵，你知道吗？,https://www.youtube.com/watch?v=ZfEr2_orkKA,,
[x],八字地支藏干中的“配偶星”到底意味着什么？,https://www.youtube.com/watch?v=A3toR00BQ80,,
[x],八字“财多身弱”的命局就一定喜印比帮扶吗？,https://www.youtube.com/watch?v=1UMf27Mn7A8&pp=2AYW,,
[x],八字“食神制杀”的不同状态表达，“杀强”和“杀弱”到底有什么分别？,https://www.youtube.com/watch?v=UXYARC9Wp3U,,
[x],八字“食神如印星”，“伤官如官杀”怎么理解？,https://www.youtube.com/watch?v=D3yY4DZSPII,,
[x],八字“伤官配印”的格局，如何规划职业发展方向？,https://www.youtube.com/watch?v=1K--uaHw9A0,,
[x],2025年戊子月运势,https://www.youtube.com/watch?v=tu---3eIifY,,
[x],八字“七杀”在什么情况下不能被制？,https://www.youtube.com/watch?v=-Tkz0AkejoY,,
[x],八字“食伤生财”的格局，财太旺不容易发大财，最好配合“印星”来提升档次，你知道吗？,https://www.youtube.com/watch?v=JGqRrFwV-78,,
[x],什么样的八字男命“爱情人不爱妻子”？,https://www.youtube.com/watch?v=R__Xh0-Wrhw&pp=0gcJCU0KAYcqIYzv,,
[x],八字“水木食伤”，“土金食伤”，“火土食伤”的深度解析，木金土对应的“食伤”表现有何区别？,https://www.youtube.com/watch?v=nvNX7ZSv6xk,,
[x],八字“七杀”的危机意识地表最强，“七杀得用”可以转化成极高的风控和自律能力，你知道吗？,https://www.youtube.com/watch?v=Tdgvvr2HRmM,,
[x],八字“杀印相生”的组合，如何看何时求财，何时求贵呢？,https://www.youtube.com/watch?v=i--FYbpYxCg,,
[x],八字“羊刃格”要想成格，到底要如何匹配“财官”？,https://www.youtube.com/watch?v=nm0cYHfuV74,,
[x],八字“金水食伤”和“木火食伤”的深度解析，水火五行对应“食伤”的表现有何区别呢？,https://www.youtube.com/watch?v=1NfDcr72KSc&pp=0gcJCU0KAYcqIYzv,,
[x],八字“官杀，食伤，印星”当财看为何首选以“制”为先，被制住才能发大财，你知道吗？,https://www.youtube.com/watch?v=50TY_iKNXcY,,
[x],八字何为“身旺无依”，这样的人难道真的是非僧即道吗？,https://www.youtube.com/watch?v=5YH_bXGaqgg&pp=0gcJCU0KAYcqIYzv,,
[x],八字十神“比肩”星的底层逻辑，以及“比肩夺财”的意象解读。,https://www.youtube.com/watch?v=g0AQHp1erQ0,,
[x],八字“有官杀先论官杀”，到底如何解读？“官杀”的地位为何如此重要？,https://www.youtube.com/watch?v=hZBdUNTLy_E,,
[x],八字“食伤”若为忌，为何容易耐性不足，总喜欢喜新厌旧？,https://www.youtube.com/watch?v=G8vU4seUriU,,
[x],八字凶神“杀，伤，枭，刃”贵在制化，因为“制化”才能突出对其驾驭之功，你知道吗？,https://www.youtube.com/watch?v=Ss_MFr_BOV0,,
[x],八字“正官格”的“财印”要如何相辅，才能铸就三奇真贵？,https://www.youtube.com/watch?v=TuN53GsFAr4,,
[x],八字十神之间的“相克”意味着挑剔和选择，到底该如何运用“相克”的力量？,https://www.youtube.com/watch?v=mwaZIf9nuuI,,
[x],八字“印旺用财”和“印旺用比”的区别是什么？二者到底该怎么用？,https://www.youtube.com/watch?v=APh9WacZWsY,,
[x],八字十神如何看思维模式，到底你是感性or理性？,https://www.youtube.com/watch?v=P1d_a_YZjMM,,
[x],八字“印星”若无“官杀”搭配，不容易出大格局，“官杀”是提升“印星”贵气的关键，你知道吗？,https://www.youtube.com/watch?v=rYMaUhK3EJA,,
[x],八字“偏印”底层心性解析，它为什么是孤独的？,https://www.youtube.com/watch?v=NaY80SmQg1k,,
[x],八字“七杀”在什么情况下代表小人，它有什么具体特征？,https://www.youtube.com/watch?v=ciYeUrMteng,,
[x],八字女命“食神”旺的婚姻感情有何特点，真的是“食多变伤”吗？,https://www.youtube.com/watch?v=lk5JaQeLsxo,,
[x],八字婚姻宫“天地自合”，对婚姻感情一定有利吗？,https://www.youtube.com/watch?v=fHHzu837-BU&pp=2AYL,,
[x],什么样的八字组合适合搞副业，做兼职？,https://www.youtube.com/watch?v=t-Unho3mPZs,,
[x],什么样的八字组合适合炒股？,https://www.youtube.com/watch?v=KxlQC26Xfj4,,
[x],八字“比劫女”的婚姻情感优势，为何“娶妻可娶比劫女”？,https://www.youtube.com/watch?v=R5fJx8ZRBRQ&pp=2AZ30gcJCU0KAYcqIYzv,,
[x],八字女命的两种情感驾驭模式“被动爱”和“主动要”，二者有何区别？,https://www.youtube.com/watch?v=jmvCIAJL8VU,,
[x],八字看格局是否为“从格”，到底需不需要参考地支藏干之气？,https://www.youtube.com/watch?v=nxInAvlAz4g&pp=2AYC0gcJCU0KAYcqIYzv,,
[x],八字到底怎样才算真正的“枭神夺食”？“枭神”和“食神”在四柱中的位置该如何搭配呢？,https://www.youtube.com/watch?v=LUiaOZcINKw,,
[ ],八字“阳官杀”和“阴官杀”的区别，“官杀”在主位和宾位的有何具体影响？,https://www.youtube.com/watch?v=49_7TNwZtIk,,
[ ],八字“伤官”和“劫财”的高傲，到底有什么区别？,https://www.youtube.com/watch?v=SkSSIHjQbHo,,
[ ],八字“食伤制杀生财”的深度解析，为何这样的人更容易成为行业精英？,https://www.youtube.com/watch?v=CUBi_kTPXz0,,
[ ],八字日支坐“官杀”的婚姻感情有何特点？,https://www.youtube.com/watch?v=IglGFb6PZxg,,
[ ],什么八字组合逢大考时容易超常发挥？,https://www.youtube.com/watch?v=olKk5g29nqc,,
[ ],八字吉神格“财，官，印，食”一定要有护卫之神，因为“护格”才能提升格局段位，你知道吗？,https://www.youtube.com/watch?v=LY0qc1yY3do&pp=2AaXAg%3D%3D,,
[ ],八字何为“火土成慈”格？它和“火炎土燥”有和区别，为何土众成慈反而容易富贵？,https://www.youtube.com/watch?v=dK1U1VsxpaY,,
[ ],八字“丑未戌”三刑为同室操戈，土被越刑越旺到底有何影响，真的就一定有灾祸吗？,https://www.youtube.com/watch?v=j3WqdRX1ZW0&pp=2AahAg%3D%3D,,
[ ],八字何为十神之“统领门”？财富的大小不在于某种十神数量多寡，而在于是否有“统领”掌控，你知道吗？,https://www.youtube.com/watch?v=k9MSFkmCIhE,,
[ ],八字日干之“禄”有什么具体象意，为什么女命之“禄”最好不要在家外，在家内最好？,https://www.youtube.com/watch?v=kJ0arPcvb-Y,,
[ ],什么样的八字组合容易财来财去？,https://www.youtube.com/watch?v=VqXp3l7e9Ow,,
[ ],八字“七杀”有力且为喜用神，人生会有怎样的具体表现？,https://www.youtube.com/watch?v=1efkMwQU72w&pp=0gcJCU0KAYcqIYzv,,
[ ],八字“辰多好斗，戌多好讼”？辰戌太多容易有是非之争，是真的吗？,https://www.youtube.com/watch?v=nWK8oqYPSHQ,,
[ ],八字“七杀女”的婚恋特点有何具体表现？,https://www.youtube.com/watch?v=Q3HwGqhVbFo,,
[ ],八字“偏印格”要如何搭配“食伤”才能将艺术和天赋发挥到极致？,https://www.youtube.com/watch?v=v8XtCusQWQE,,
[ ],2025年丁亥月运势,https://www.youtube.com/watch?v=ZUFaZ0Nxq-Y,,
[ ],八字“伤官”的挑剔之心是如何表现的？为何它更容易与外界产生争论冲突？,https://www.youtube.com/watch?v=oNRYFzTzQ-Y,,
[ ],八字“从革格”的成格条件，“土金毓秀”如何能释放金刚之威严？,https://www.youtube.com/watch?v=ahhv7cD8iAk,,
[ ],八字关于“名声，文凭”，“正印”和“偏印”的差异到底有何玄机？,https://www.youtube.com/watch?v=jPHAc-LZlFE,,
[ ],八字“食神制杀”身弱的格局，为何阴日干要比阳日干的成就更高？,https://www.youtube.com/watch?v=Hj5mdJQEdEE,,
[ ],八字“官杀”的自律和责任感是如何体现的？,https://www.youtube.com/watch?v=J31oY059U28,,
[ ],八字吉神的潜能是需要激发的，“食神”配上“正印”有利于提升专业段位，你知道吗？,https://www.youtube.com/watch?v=s-T2HNKgIe4,,
[ ],八字男命可以没有“财星”，但女命不能没有“官杀”，你知道吗？,https://www.youtube.com/watch?v=4cHt_n8abX0&pp=0gcJCU0KAYcqIYzv,,
[ ],八字“忌神”猖狂最宜透干，因为天干为统领，擒贼先擒王可以大大提升“用神”的效率，你知道吗？,https://www.youtube.com/watch?v=eNPLd5YWM4Y,,
[ ],八字相对于“伤官”，为何“食神”更适合泄秀？,https://www.youtube.com/watch?v=nkhervVTlNM,,
[ ],八字为何“辰戌丑未”四墓库中所藏都为阴干“乙丁癸辛”呢？,https://www.youtube.com/watch?v=S5n6Swa6HCQ,,
[ ],什么样的八字组合是“天选打工人”，只适合上班求财？,https://www.youtube.com/watch?v=89Ij7JgssNU,,
[ ],八字日主“合财”不等于“得财”，“求财”，这只是一种象法的表达，你知道吗？,https://www.youtube.com/watch?v=pCtKg38L5Aw,,
[ ],八字“比劫”过旺，人生该如何修行？,https://www.youtube.com/watch?v=8SmDDvStgEI,,
[ ],八字“枭神夺食”的底层逻辑，它为什么会让人如此绝望？,https://www.youtube.com/watch?v=Hd3CGHn1oR0&pp=2AbhAQ%3D%3D,,
[ ],八字“子平格局法”论命思路要灵活，不成“格”但成“局”照样也可以富贵，你知道吗？,https://www.youtube.com/watch?v=KMXwWbHoZX0,,
[ ],八字“食神”和“伤官”对待金钱的态度有何不同？,https://www.youtube.com/watch?v=c1e2P5ymNb0,,
[ ],八字“劫财女”的婚恋感情状态有何特点？,https://www.youtube.com/watch?v=tyMdX-CMh3c,,
[ ],八字“正官”的贵气到底是如何体现的？,https://www.youtube.com/watch?v=pv99BUvnTew,,
[ ],什么样的八字组合胆子比较大？,https://www.youtube.com/watch?v=b3yYNxIG_Uw,,
[ ],八字女命“财生官杀”的意象解读，为何“关财门”对女命的夫缘婚姻极不利？,https://www.youtube.com/watch?v=XQXhHxo1gVs&pp=2AYL,,
[ ],八字“正印化七杀”和“偏印化七杀”到底有什么区别？,https://www.youtube.com/watch?v=IFLHL29AQj4,,
[ ],八字“寅木”和“卯木”到底有什么区别？,https://www.youtube.com/watch?v=kCrDIBbGowA,,
[ ],八字“七杀”为攻身之物，它对日主身体的破坏性是如何体现的？,https://www.youtube.com/watch?v=5jrMwMy4X9Y,,
[ ],什么八字的女命容易遇到渣男，软蛋男？,https://www.youtube.com/watch?v=sloMENBOIjQ,,
[ ],八字“食神制杀”“伤官架杀”走“财星”大运时有何具体影响？,https://www.youtube.com/watch?v=T7rvH4PxIY4&pp=0gcJCU0KAYcqIYzv,,
[ ],八字“申金”和“酉金”到底有什么区别？,https://www.youtube.com/watch?v=yGY4QkO5icY&pp=2AZE0gcJCU0KAYcqIYzv,,
[ ],八字“伤官配印无财”和“伤官生财而配印”到底有什么区别？,https://www.youtube.com/watch?v=dLcwVkDrGWw,,
[ ],八字不同的十神组合所产生的精神内耗，它们的表现有什么不同？,https://www.youtube.com/watch?v=XmUgq3QkHLU,,
[ ],八字“食神制杀逢枭神，不贫则夭”是真的吗？,https://www.youtube.com/watch?v=Dt-WPDCPX3o&pp=0gcJCU0KAYcqIYzv,,
[ ],八字“劫财”虽为凶，当遇到“印星”时，其实是可以配置少量“劫财”的，这是为何呢？,https://www.youtube.com/watch?v=NUTyGOTwwL0,,
[ ],八字“禄马喜乎同居，官印最宜相会”，到底如何理解“聚透同宫”？,https://www.youtube.com/watch?v=RE6ZW9US30E,,
[ ],2025年丙戌月运势,https://www.youtube.com/watch?v=owZRjuVj-Lk,,
[ ],八字如何看管理能力的高低？你适合当领导吗？,https://www.youtube.com/watch?v=c6XFzq_bhSQ&pp=0gcJCU0KAYcqIYzv,,
[ ],八字“比劫”是身体欲望的根源，更易激发肉体出轨，甚至是同性之好，你知道吗？,https://www.youtube.com/watch?v=JUGXJ9MOXpQ,,
[ ],八字“食伤格生财”和“财格用食伤”其实是不一样的，它们到底有什么区别？,https://www.youtube.com/watch?v=y5lbo549m8E,,
[ ],八字“炎上格”有何配置要求？火虚有焰是最重要的炼丹秘法，你知道吗？,https://www.youtube.com/watch?v=k-tyD7c5VvY,,
[ ],八字“印星”并不是大公无私，富贵的长期持有离不开“印星”的保障，你知道吗？,https://www.youtube.com/watch?v=-joxP-pZzZs&pp=0gcJCU0KAYcqIYzv,,
[ ],八字“财逢长生富气足”，主人易得外财，是真的吗？,https://www.youtube.com/watch?v=DrpKwqmA8IQ,,
[ ],什么样的八字组合慷慨大方？,https://www.youtube.com/watch?v=jtxFcLBKw0U,,
[ ],八字“酒色猖狂，只为桃花带杀”，“桃花星”要结合十神来看才更有意义，你知道吗？,https://www.youtube.com/watch?v=8v20dR923LQ,,
[ ],八字“男逢伤官须克子”，那女逢“伤官”对子女怎样呢？正星守正位在子女上是如何体现的？,https://www.youtube.com/watch?v=t6mgOSG8H5w,,
[ ],八字“亥亥”自刑的意象解读，真的容易刑出太多欲望吗？,https://www.youtube.com/watch?v=nwsikGRM0jk,,
[ ],八字“食伤”过旺，人生该如何修行？,https://www.youtube.com/watch?v=AvYH493y-zI,,
[ ],八字真的有“借运”一说吗？“借运”能改变命运靠谱吗？,https://www.youtube.com/watch?v=N0Zi39X39yg,,
[ ],八字“食伤制官杀而生财”和单纯的“食伤生财”是完全不同的表现，它们的底层逻辑如何呢？,https://www.youtube.com/watch?v=Q3w46HxEXSg&pp=0gcJCU0KAYcqIYzv,,
[ ],八字“财旺”之局喜用“比劫”来克，但要想提升段位务必配一位“印星”，印贴身日主最美。,https://www.youtube.com/watch?v=B5tI_wfjRVM,,
[ ],八字“建禄生月令，财官喜透天”，它的底层逻辑是什么？,https://www.youtube.com/watch?v=y9MbF9wu57M,,
[ ],八字不同的五行喜忌，怎么看从事的潜在行业和方向？,https://www.youtube.com/watch?v=PyjlJqee6UY,,
[ ],八字“食伤”都是日主所生，为何“食神”为吉，而“伤官”为凶呢？,https://www.youtube.com/watch?v=VkqO3SJV7pY&pp=0gcJCU0KAYcqIYzv,,
[ ],八字十天干之“壬水”和“癸水”到底有什么区别？,https://www.youtube.com/watch?v=1v5IKUpna-0,,
[ ],八字“印星”过旺为忌，人生该如何修行？,https://www.youtube.com/watch?v=5TwHZi6pMhQ,,
[ ],八字十天干之“丙火”和“丁火”到底有什么区别呢？,https://www.youtube.com/watch?v=YXhAOZ4-30c,,
[ ],什么样的八字女命婚后靠不上老公？,https://www.youtube.com/watch?v=-7ZwDeR8Og4,,
[ ],八字“五阳从气不从势，五阴从势无情义”如何理解？“气”和“势”到底有何分别？,https://www.youtube.com/watch?v=zITYR87nh80,,
[ ],八字月令空亡真的就不得令了吗？到底如何理解月令空亡？,https://www.youtube.com/watch?v=gk23N4V1WTo,,
[ ],八字大运和流年相比，到底哪一个更重要？,https://www.youtube.com/watch?v=gIM9Waa223Y,,
[ ],八字“印比男”的“克妻”是如何体现的？它们真的是克妻界的天花板吗？,https://www.youtube.com/watch?v=lD7bJA__L2Y,,
[ ],八字“印格用杀”和“杀格用印”是不一样的，两种“杀印相生”到底有何区别？,https://www.youtube.com/watch?v=BMqClWdYUpQ,,
[ ],八字若出现两种五行天地对战成“战局”，到底该如何解救才是最高效的？,https://www.youtube.com/watch?v=z1qvWIsr-yE,,
[ ],八字“官杀制比劫”和“比劫扛官杀”有何区别？“比劫”不是傻蛋，它是典型的趋利避害，你知道吗？,https://www.youtube.com/watch?v=22bODq5CsYw,,
[ ],八字何为盲派的“制用结构”，“化用结构”？为何制尽“食伤”的功效如此之大？,https://www.youtube.com/watch?v=V_jofA25434,,
[ ],2025年乙酉月运势,https://www.youtube.com/watch?v=68QawFZ5zEg,,
[ ],八字当“伤官”遇到“官星”和“财星”，到底是先“伤官克官”还是“伤官生财”？岁运对于原局的生克到底是,https://www.youtube.com/watch?v=fnrTG5rVMEw,,
[ ],八字“食伤人”的职业生存指南——坚持做自己喜欢的事为主旋律！,https://www.youtube.com/watch?v=qJIJ3bjQw3Q&pp=2AaoAQ%3D%3D,,
[ ],什么样的八字男命值得嫁，靠谱？,https://www.youtube.com/watch?v=UdUXsgjiIeE,,
[ ],八字女命“旺夫”和“帮夫”有何区别？“旺夫”真的是克自己吗？,https://www.youtube.com/watch?v=2ByTD5qmWJI,,
[ ],八字“吉神不宜太露，凶神不宜深藏”，这句话到底如何理解？,https://www.youtube.com/watch?v=wFk_m5loFDU,,
[ ],八字天干为表象，外在；地支为实质，内在；如何仅通过干支来洞察人性？,https://www.youtube.com/watch?v=FmkR3d5H7j8,,
[ ],八字看伤灾——为何“伤官”“七杀”“羊刃”旺之人如此容易受伤？,https://www.youtube.com/watch?v=RqaiypXbi3g,,
[ ],八字“身旺”就真的会比“身弱”要好吗？,https://www.youtube.com/watch?v=TpQBnMIttIY,,
[ ],八字“财星”过旺为忌，人生该如何修行？,https://www.youtube.com/watch?v=oBpMuRzwDBk,,
[ ],八字“伤官”的挚爱为“偏财”，“偏财”的憎恨是“枭神”，你知道吗？,https://www.youtube.com/watch?v=JmBRRkOWd_s&pp=2AbfAQ%3D%3D,,
[ ],八字“日支”夫妻宫既可以代表日主，又代表配偶，它是如何做到一体两用的？,https://www.youtube.com/watch?v=C1W5mlgSpns&pp=0gcJCU0KAYcqIYzv,,
[ ],八字如何看有几次婚姻？有几个配偶星就有几次吗？,https://www.youtube.com/watch?v=Dy9StQyxDrY,,
[ ],八字“官杀”过旺为忌，人生到底该如何修行？,https://www.youtube.com/watch?v=42gAXZGS5qI,,
[ ],八字如何从五行角度看人的生育能力？,https://www.youtube.com/watch?v=ln0Uk9cO4Wg,,
[ ],八字年月的“财星”，这种财不能随便去克，很容易惹祸上身，你知道吗？,https://www.youtube.com/watch?v=qKRU68lI5p8,,
[ ],八字何为“相冲逢生”，“相冲逢克”？地支相冲结合纳音会更有利于判断结果，你知道吗？,https://www.youtube.com/watch?v=fFA862hfMIQ,,
[ ],八字为何金的长生之地在“巳”？“巳火”到底是生金还是克金？,https://www.youtube.com/watch?v=QskOZteP7LI,,
[ ],八字如何看“丢官罢职”的应期？,https://www.youtube.com/watch?v=mFIPHaseJOs&pp=2AbJAg%3D%3D,,
[ ],八字何为“天厨食禄”？这样的人真的适合做餐饮相关吗？,https://www.youtube.com/watch?v=9TyZnmWpmtQ&pp=0gcJCU0KAYcqIYzv,,
[ ],八字“官杀护财”就是用权力维护利益，它背后的意象如何解读？,https://www.youtube.com/watch?v=rBhhPCTpAuA&pp=2AZH,,
[ ],八字“燥土”为蓄火，只能加强火势，不能泄火，这是真的吗？,https://www.youtube.com/watch?v=4LT5HSbTo7M&pp=0gcJCU0KAYcqIYzv,,
[ ],八字家里的“好东西”最好不要被坏，如果坏了应灾程度要大的多，你知道吗？,https://www.youtube.com/watch?v=pT-AsuNlEFs,,
[ ],八字为什么“未”中出来的木最大？关于墓库藏干的本气，中气和余气，你真的了解吗？,https://www.youtube.com/watch?v=x5mbfaxSYg4,,
[ ],八字为何“墓库”土多之人，容易与玄学，神秘文化有缘？,https://www.youtube.com/watch?v=e3OPUb4WfsY,,
[ ],什么样的八字组合不适合入公职？,https://www.youtube.com/watch?v=xwwVUARocXM&pp=2AagAQ%3D%3D,,
[ ],八字“比劫”旺而为忌的人，社交中该如何保护自己？向上社交是不错的选择，你知道吗？,https://www.youtube.com/watch?v=50rtNEIf-18,,
[ ],什么样的八字组合容易败光祖业，是“败家子”？,https://www.youtube.com/watch?v=-Y0_1X_rVmg,,
[ ],八字“官杀混杂”突出的是“竞克”日主，它对事业有何影响呢？,https://www.youtube.com/watch?v=_U8xf9uAJAs&pp=0gcJCU0KAYcqIYzv,,
[ ],2025年甲申月运势,https://www.youtube.com/watch?v=MdF1NhiwtRs,,
[ ],八字“食伤”被噎或者被夺都不好受，“比旺噎食”和“枭神夺食”性质其实是一样的，你知道吗？,https://www.youtube.com/watch?v=NILkLslJdGQ,,
[ ],八字“比劫制财护印”为何能“财印兼得”？这是 一种“破小得大”的处事思维，你知道吗？,https://www.youtube.com/watch?v=GuY196ouq_M,,
[ ],八字“食伤”旺，身旺合多之女性容易有出轨外遇之事，你知道吗？,https://www.youtube.com/watch?v=123M9nPoGIs,,
[ ],八字“官杀”是规则意识和内核驱动力，孩子的成长离不开“官杀”的影响与支配，尤其是应试能力，你知道吗？,https://www.youtube.com/watch?v=jugoej_RdEI&pp=2AYO,,
[ ],八字“羊刃”乃极盛之物，要想驾驭它最好用“七杀”，构成“羊刃驾杀”，可谓一物降一物。,https://www.youtube.com/watch?v=5uhl_ryrlVQ,,
[ ],什么样的八字组合容易人缘不好？,https://www.youtube.com/watch?v=gBdibhRJfVY,,
[ ],八字真的能看出配偶的精确长相，身高吗？这些信息靠谱吗？,https://www.youtube.com/watch?v=KQPif6j8xAk,,
[ ],八字“伤官配印”的格局岁运遇到“比劫”有什么表现？为何日主会有抑郁倾向？,https://www.youtube.com/watch?v=V0odds49WG0,,
[ ],八字“食伤生财”的组合，“食伤”和“财星”根基出处的不同，所表达的意象有何区别？,https://www.youtube.com/watch?v=Lui74yeoXX8&pp=2AblAQ%3D%3D,,
[ ],八字无“财星”之人，对外界的变化和欲望略感迟钝，但更有利于专注做一事，你知道吗？,https://www.youtube.com/watch?v=5784oOU2MpY,,
[ ],八字为何带墓库刑冲的，身体容易长异物，尤其是丑未戌三刑，辰戌冲，你知道吗？,https://www.youtube.com/watch?v=2E8sgicSy6o&pp=0gcJCU0KAYcqIYzv,,
[ ],八字“伤官女”和“比劫男”对配偶的克性如何转化？,https://www.youtube.com/watch?v=1wy6HLWr9zs,,
[ ],八字“时上一位贵”必须是“七杀”吗？难道“正官”不可以吗？,https://www.youtube.com/watch?v=PjXyHnilVmw,,
[ ],八字“印星”过旺，无论男女对婚姻感情负面影响居多，严重者有“克妻”，“克夫”之嫌，你知道吗？,https://www.youtube.com/watch?v=CCtSELYwMEY&pp=0gcJCU0KAYcqIYzv,,
[ ],八字到底何为“去官得官”？它和“制过官杀”是完全不同的表现，你知道吗？,https://www.youtube.com/watch?v=stvE6hwK0mY,,
[ ],八字“稼穑格”一定大富大贵吗？专旺之土要想生机盎然是需要条件的，你知道吗？,https://www.youtube.com/watch?v=Hq6T-hwDmo0,,
[ ],八字“无杀不显贵，无伤不是奇”，到底如何理解？,https://www.youtube.com/watch?v=ht2PBsXMRjw,,
[ ],八字“何知其人贫，财神反不真”如何理解？“财星”要成为“财王”才值钱，你知道吗？,https://www.youtube.com/watch?v=Oc0OU2Oh81o,,
[ ],八字“食神合官”有“困官”之意，具体有何意象解读？,https://www.youtube.com/watch?v=tMDdpjNd6jg,,
[ ],八字何为“从势格”？“从势”其实从的是一种顺生流通之势，十神之间闭环的能量，你知道吗？,https://www.youtube.com/watch?v=Jt4Tkobpfmw,,
[ ],八字“辰戌”冲为天门地户之冲，为何女命尤不喜？,https://www.youtube.com/watch?v=hMLwP4Rl-sY,,
[ ],八字女命嫁贵夫的基本原则——“正官”为夫喜“养”，“七杀”为夫喜“制”，你知道吗？,https://www.youtube.com/watch?v=FKHkIJ9oKzE,,
[ ],八字何为“日贵格”？“日贵”真的就是“命贵”吗？,https://www.youtube.com/watch?v=30-4lsCnhnU&pp=0gcJCU0KAYcqIYzv,,
[ ],八字“偏印”的核心特征，它在四柱不同宫位有何具体含义和表现？,https://www.youtube.com/watch?v=ESHMfhX88zs,,
[ ],八字婚姻宫在岁运中“逢冲”有何影响，就一定会离婚吗？,https://www.youtube.com/watch?v=VSXByWPzebE,,
[ ],八字地支暗合中，为何“寅丑”暗合最容易产生私情？,https://www.youtube.com/watch?v=e4A0sGDJNIA,,
[ ],八字“冻水不生木”是真的吗？到底如何来理解“调候用神”？,https://www.youtube.com/watch?v=gsmQL5ULql8,,
[ ],八字“伤官配印”的组合，到底是“正印”好还是“偏印”好？,https://www.youtube.com/watch?v=60XT0m4-oZY,,
[ ],2025年癸未月运势,https://www.youtube.com/watch?v=p4mLwlpg0YM&pp=2AaBBQ%3D%3D,,
[ ],八字“食伤”和“印星”的聪明有什么不同，到底谁更胜一筹？,https://www.youtube.com/watch?v=-hn4T4VhYKQ&pp=0gcJCU0KAYcqIYzv,,
[ ],八字“从强格”要想有大成就，务必要有“财星”与之配合，这叫“杂质优化”，你知道吗？,https://www.youtube.com/watch?v=Mh_2buXOWjA,,
[ ],八字“家里”的财官就一定是你的吗？财官不管在“家里”还是“家外”都需要做功来获取，你知道吗？,https://www.youtube.com/watch?v=6j8fRRBGdFo,,
[ ],八字“合”与“冲”到底有何取象玄机？它的底层逻辑是什么？,https://www.youtube.com/watch?v=Y5SE6HBKqfE,,
[ ],八字“地支藏干”若藏而不透，只是隐藏的力量，只有透出才能完全参与生克制化，你知道吗？,https://www.youtube.com/watch?v=kkMV6dKHtyY,,
[ ],什么八字的男命异性缘比较好？,https://www.youtube.com/watch?v=QznXAUH_KuM,,
[ ],八字“四柱纯阴，清灯自守”，这样的人注定没有婚姻了吗？,https://www.youtube.com/watch?v=NHrDHb6xSHM,,
[ ],八字“劫财合杀”不是一种格局，其本质还是“扛杀”，你知道吗？,https://www.youtube.com/watch?v=1w2Dod05ofQ,,
[ ],八字不要把“藤萝系甲”想的太高级，它就是“比劫帮身”的一种组合而已，你知道吗？,https://www.youtube.com/watch?v=RSbaKyKt3Eo,,
[ ],八字“水木伤官”格，“财官两见始为欢”是真的吗？,https://www.youtube.com/watch?v=VkN5vl545us,,
[ ],八字十天干之“禄”可以“胜财”而不是“当财”，把“禄”当财看其实是一种曲解，你知道吗？,https://www.youtube.com/watch?v=65GJFU6BKW8,,
[ ],八字“四大凶神”的凶性如何体现？它们之中到底谁是最凶的？,https://www.youtube.com/watch?v=Rtb4aeQLCZI,,
[ ],八字“杀印相生”的格局，到底如何配合才能成为顶级大佬？,https://www.youtube.com/watch?v=kCZGFuAEKu0,,
[ ],八字印旺喜财，但“财坏印”和“财损印”只有一步之遥，财一旦坏印，赚的钱越多越凶险，你知道吗？,https://www.youtube.com/watch?v=NuEQkU1OHBk,,
[ ],八字“无根怕见根”到底如何理解，喜不喜见根是需要条件的，你知道吗？,https://www.youtube.com/watch?v=AmdVvZOj1oI,,
[ ],八字如何运用“星宫生克”理论推断六亲生存状态？,https://www.youtube.com/watch?v=Njzz7hvcjUw&pp=2AatAQ%3D%3D,,
[ ],八字日支坐“墓库”的，什么情况下喜欢被刑冲，什么情况下不能刑冲呢？,https://www.youtube.com/watch?v=bIwI3kaTm_M&pp=0gcJCU0KAYcqIYzv,,
[ ],八字何为女命的“禄绊桃花”？这样的人真的容易有外缘吗？,https://www.youtube.com/watch?v=P5lLTx1prhk,,
[ ],八字“辰，丑”为湿土，可以蓄水，所以不克水，这么说法对吗？,https://www.youtube.com/watch?v=XrRwXvuqAGU,,
[ ],八字天干的“虚实”和“真假”有何不同？“虚实”主要看坐支，“真假”主要看根气，你知道吗？,https://www.youtube.com/watch?v=lHNXvaLHLVM,,
[ ],八字为何暴富的组合离不开“七杀”参与？“七杀”的吸金本性，你了解多少？,https://www.youtube.com/watch?v=1jrz6gXZNMg,,
[ ],八字为何“寅，申，巳，亥”被称为“驿马星”，它背后蕴藏什么玄机呢？,https://www.youtube.com/watch?v=ctmoXyGKA7w,,
[ ],八字“财星”的出处看法，取象原则要分清“财星”是“自己的”还是“别人的”；,https://www.youtube.com/watch?v=K7yRXdpB6VI,,
[ ],八字命局“印比两旺”有什么现实表现，到底喜用什么字配合比较好？,https://www.youtube.com/watch?v=FfbIj5VH4w0,,
[ ],“比劫生食伤”是众人对我的供养，“食伤”是我的，说明我有特别之处，你知道吗？,https://www.youtube.com/watch?v=VQITiw5ZDng,,
[ ],八字“食神制杀”的格局，如何看到底是求财，还是求官？,https://www.youtube.com/watch?v=5DmPrcM_oEo,,
[ ],八字“四墓库”的聚集性在象法层面表现很重要，它的取象原则是什么？,https://www.youtube.com/watch?v=Hzr0Lb8m7Uc,,
[ ],“八专日”和“九丑日”到底是哪几个？“男怕八专，女怕九丑”如何理解？,https://www.youtube.com/watch?v=rkwEh6ylbuc,,
[ ],八字女人在感情里应当尽量避免“劫财男”，“嫁人不嫁劫财男”是有一定道理的，你知道吗？,https://www.youtube.com/watch?v=adUPDtvU_ZY,,
[ ],八字“寅巳”到底论相穿，还是相刑？相穿有何人生表现？,https://www.youtube.com/watch?v=IvJDUsdhfm4,,
[ ],八字“申亥”相穿的意象解读，“争进之穿”的背后到底意味着什么？,https://www.youtube.com/watch?v=tAQQKAGxUnY&pp=0gcJCU0KAYcqIYzv,,
[ ],八字“丙火”真的喜欢“壬水”吗？其实“壬丙交辉”是需要条件的，论命的理与象是要分开的，你知道吗？,https://www.youtube.com/watch?v=J4CBXX8cnAk,,
[ ],八字如何看“流月”的吉凶？,https://www.youtube.com/watch?v=-qKGR2BypRM&pp=0gcJCU0KAYcqIYzv,,
[ ],八字“比劫”最好不要透出天干，如要帮身在地支做禄最好，你知道吗？,https://www.youtube.com/watch?v=ifmP9HA5K7g,,
[ ],2025年壬午月运势,https://www.youtube.com/watch?v=ZrOf5uoPUkw,,
[ ],八字何为“搅局星”？天干五合最怕遇到它，你知道吗？,https://www.youtube.com/watch?v=DMvGhMQTVik,,
[ ],八字何为十神之间的“暗伤”？它有时候比“明克”还要严重，你知道吗？,https://www.youtube.com/watch?v=zOjvVHnvXtY,,
[ ],八字“庚金”和“辛金”有何区别？为何“庚金”要火炼，“辛金”喜水盈？,https://www.youtube.com/watch?v=8zHCpCV90G0,,
[ ],十神论事要分清“自己的”和“别人的”，“自己的”东西为用，但被克制太过则应灾最大，你知道吗？,https://www.youtube.com/watch?v=6nuMWHBBwAs&pp=0gcJCU0KAYcqIYzv,,
[ ],八字“比劫”和“食伤”都具有自我意识，它们之间到底有何不同？,https://www.youtube.com/watch?v=mO4eJRbUSjE,,
[ ],八字“有官无印欠文采，有印无官欠权威”，如何理解？,https://www.youtube.com/watch?v=44nHOPvLaO4,,
[ ],八字面对杂质要想“清局”彻底，必须要“制”，而不能“化”，这样得到的越大越完整，你知道吗？,https://www.youtube.com/watch?v=2azXVf4FFiE,,
[ ],八字象法篇——如何来看“日干”和“比劫”到底谁大谁小？,https://www.youtube.com/watch?v=J1z6u1tFoaQ,,
[ ],八字格局法论命“印星”和“比劫”是独立的，不可混为一谈，印旺不等于身旺，你知道吗？,https://www.youtube.com/watch?v=B1z4vBMdM_g,,
[ ],八字“偏印”过多之人，为何会六亲缘分浅薄？,https://www.youtube.com/watch?v=yyROu1wQcxY,,
[ ],八字“时上一位贵”到底指天干还是地支？,https://www.youtube.com/watch?v=YZqF5BSXY1I,,
[ ],八字何为“星宫同位”，“亲星游走”？它们到底如何来解读呢？,https://www.youtube.com/watch?v=QL4VLf6Wcus,,
[ ],八字神煞篇——何为“进神”，“退神”？它对命局有何影响？,https://www.youtube.com/watch?v=C9XtonCU3x0,,
[ ],八字“伤官配印”本为吉，但如果“印星”太旺反而容易变成“枭神夺食”，你知道吗？,https://www.youtube.com/watch?v=BHF2v7tb0Tk,,
[ ],八字论五行“土”的几种特性，具体是如何表现的？,https://www.youtube.com/watch?v=GsaGkEYuZxY,,
[ ],八字不是只有“偏财”才可以做生意，“正财”也一样可以，它们经商有何区别？,https://www.youtube.com/watch?v=M6iXzAflfzs,,
[ ],八字“身旺财弱，比劫林立”想发财，最好用“官杀”，而不是疯狂补财，你知道吗？,https://www.youtube.com/watch?v=AWoD0Z9sQtw&pp=2AYL,,
[ ],什么八字的人只注重配偶的外貌，颜控指数比较高？,https://www.youtube.com/watch?v=S_ne0kL3h7A,,
[ ],八字看婚灾，如何判断到底是“离婚”还是“丧偶”？,https://www.youtube.com/watch?v=oijtuShMNlA,,
[ ],什么八字的女命婚后能轻松花男人钱？而什么样的又花不到呢？,https://www.youtube.com/watch?v=veZBsSkq46Q,,
[ ],八字“七杀制比劫”和“正官制比劫”有何区别？,https://www.youtube.com/watch?v=403m32_KDEQ,,
[ ],八字如何理解大运，流年的“主动性”，以及原局的“被动性”？它们的作用关系有何不同？,https://www.youtube.com/watch?v=pMHEan-v58A,,
[ ],八字遇到“食伤混杂”，用什么组合搭配会比较好？,https://www.youtube.com/watch?v=7XUXqm7lD2c&pp=0gcJCU0KAYcqIYzv,,
[ ],八字为何定义“子午卯酉”为桃花？到底哪种桃花最旺？,https://www.youtube.com/watch?v=BIkBLegVHEY&pp=0gcJCU0KAYcqIYzv,,
[ ],什么样的八字组合容易中彩票？,https://www.youtube.com/watch?v=zPTNEl0rRU8,,
[ ],八字如何看饮食习惯？你想吃什么，该吃什么原来自有玄机，你知道吗？,https://www.youtube.com/watch?v=cOGMhTTMIqU,,
[ ],八字“食神格”何时可弃可夺？“弃食就杀印”格威权显赫，是真的吗？,https://www.youtube.com/watch?v=dat-DQwZS98,,
[ ],八字不要忽视“日干”的克力，“日干”紧贴“财星”而克，它对“财星”的影响会更直接，你知道吗？,https://www.youtube.com/watch?v=4_LzPbueInA,,
[ ],八字地支“刑冲破害”只是为五行生克过程增加剧情，不会改变生克的本质和结果，你知道吗？,https://www.youtube.com/watch?v=o-kEFZT0uuU,,
[ ],八字“财星”不管旺衰，相对于“比劫”，它更害怕“七杀”，你知道吗？,https://www.youtube.com/watch?v=am39iqS76ms,,
[ ],2025年辛巳月运势,https://www.youtube.com/watch?v=5dOPamKjCrs,,
[ ],八字如何看男命的子女缘分深浅？,https://www.youtube.com/watch?v=Kq30SsAdry8&pp=0gcJCU0KAYcqIYzv,,
[ ],何为干支的“清与浊”？用神“喜清”不仅仅局限于十神，还要考虑干支的出处，你知道吗？,https://www.youtube.com/watch?v=r5vtvjnHIwI,,
[ ],八字“食伤”可以理解为“无中生有”，这个“生”到底有何意象解读？,https://www.youtube.com/watch?v=YH5P8WHrJHU,,
[ ],八字“火土伤官”真的“蠢”吗？为何“火土伤官最宜伤尽”？,https://www.youtube.com/watch?v=IxtZDqU0ISw,,
[ ],八字“比肩”和“劫财”在感情里都容易“挖墙脚”，到底谁更容易破坏婚姻？,https://www.youtube.com/watch?v=eUxPbsDw71U,,
[ ],八字“正印”的智慧是如何体现的？,https://www.youtube.com/watch?v=sXgJo7FbQkM,,
[ ],八字“年柱”是如何影响命主一生气运的？,https://www.youtube.com/watch?v=jy__DvWeGlg,,
[ ],八字如何判断流年是否“犯小人”,https://www.youtube.com/watch?v=Wsb3qYCo2nQ,,
[ ],“贪财坏印”并不是真“贪”，它的底层逻辑究竟是什么？,https://www.youtube.com/watch?v=8ZAB71JoT-c,,
[ ],八字“魁罡”入命，为何不利男女婚姻？,https://www.youtube.com/watch?v=UabS2Tzgn8I,,
[ ],八字何为“朝元禄”，“朝元局”？“见禄朝元”贵在突出十神的“活性”，你知道吗？,https://www.youtube.com/watch?v=VVJDACC7IO0,,
[ ],八字十神之间的“护”比“生”更重要，因为“护”更能突出命主的生存手段，你知道吗？,https://www.youtube.com/watch?v=4QDZWPeKz7g,,
[ ],八字中不仅仅“驿马星”主动，各种“动象”如何来分辨？,https://www.youtube.com/watch?v=bo3ELE5p6Iw,,
[ ],八字“从财格”要想富贵兼得，务必要有“官杀”参与，这是为何呢？,https://www.youtube.com/watch?v=KBGrMU7w-8I,,
[ ],八字如何看女命的子女缘分深浅？,https://www.youtube.com/watch?v=z5SDpJ3Selk,,
[ ],八字十天干之间何为“遥合”？到底合不合？,https://www.youtube.com/watch?v=cBXdBl9OZNI,,
[ ],八字“食神”为“活的”生命之气，它做寿元星最合适，你知道吗？,https://www.youtube.com/watch?v=i_HxdKdv9TM&pp=0gcJCU0KAYcqIYzv,,
[ ],八字如何看夫妻之间的年龄差距？,https://www.youtube.com/watch?v=rXlYn_SZ9Ro,,
[ ],八字身旺虽然不用印，但也不要“财坏印”，尤其是“独印”，会有失格局，你知道吗？,https://www.youtube.com/watch?v=y1PucLOYn6g,,
[ ],八字“食伤”和“比劫”被制太过，多有牢狱信号，如果再“入墓”基本难逃，你知道吗？,https://www.youtube.com/watch?v=zUhC-Ce-3xo,,
[ ],八字“官杀混杂”本身并无大碍，而产生不利影响的元凶实则为“财星”，你知道吗？,https://www.youtube.com/watch?v=Vyldmt83Tw4,,
[ ],八字“食伤生财”要想提高财富等级，务必要有“官杀”参与，你知道吗？,https://www.youtube.com/watch?v=RTNa9ePH9N8,,
[ ],八字如何看火和土的出处？土的墓库到底是辰还是戌？,https://www.youtube.com/watch?v=i_DnZb_-Ztg,,
[ ],八字何为命局中的“闲神”？“闲神”其实一点都不闲，关键时刻也能救命，你知道吗？,https://www.youtube.com/watch?v=HC86nKStx7w,,
[ ],八字“劫财”配“七杀”，真的是如虎添翼吗？,https://www.youtube.com/watch?v=UmWH8IimdJw,,
[ ],八字的自刑关系中，为何“辰辰”自刑影响最大？,https://www.youtube.com/watch?v=KtkbSah3rxE,,
[ ],名人八字鉴赏之雷军,https://www.youtube.com/watch?v=mWn_ariU1as,,
[ ],八字何为“以无入有，向实寻虚”？十神的“暗生”是如何表达的？,https://www.youtube.com/watch?v=aD422b5QXFM,,
[ ],八字“泄秀”不是“食伤”专享，任何十神都可以泄其“秀气”，有“秀气”就主聪明。,https://www.youtube.com/watch?v=nFyUQ0JOJfc,,
[ ],2025年庚辰月运势,https://www.youtube.com/watch?v=4DAK5ER1Hnk&pp=2AaSAw%3D%3D,,
[ ],八字除了财星喜“入地”之外，其他十神只有“透干”才能彰显天性，你知道吗？,https://www.youtube.com/watch?v=aoazEjextLo,,
[ ],八字“月令”为理想和欲望的发源地，“月令”之气的“纯与杂”决定理想的强弱，你知道吗？,https://www.youtube.com/watch?v=Mvtql7AQOlk&pp=0gcJCU0KAYcqIYzv,,
[ ],八字某个“六亲”本神缺位，到底意味着什么呢？,https://www.youtube.com/watch?v=Sqm6VM17rQo,,
[ ],八字日干受周围紧贴的十神影响最大，具体有何意象表达？,https://www.youtube.com/watch?v=QB_TWQeng3U&pp=0gcJCU0KAYcqIYzv,,
[ ],八字地支取象之“登明足艳，太乙多淫”是真的吗？,https://www.youtube.com/watch?v=94_c7fuS_ZU,,
[ ],八字“财星”其实很娇嫩，单纯的“比劫克财”对它是一种不理性的伤害，你知道吗？,https://www.youtube.com/watch?v=WAlvGkBVdVA,,
[ ],八字如何理解“合克”？到底是“克”还是“不克”？,https://www.youtube.com/watch?v=zY4__eKV_Zo,,
[ ],四柱八字的空间位置信息，年柱和时柱到底哪一个代表“远方”？,https://www.youtube.com/watch?v=R3O-9ke6g54,,
[ ],什么样的男命八字可以娶到漂亮媳妇？,https://www.youtube.com/watch?v=H8kUggoys88,,
[ ],八字“伤官见官”一旦形成，到底是见“财星”通关好，还是见“印星”克制好？,https://www.youtube.com/watch?v=ebqFGUlNXHs,,
[ ],八字“财星”可以代表肉体，它和“比劫”代表的身体有何不同？,https://www.youtube.com/watch?v=vQrPol-4X2Q&pp=2AYg,,
[ ],八字有四柱（年月日时），为何独用“日干”代表命主自己？,https://www.youtube.com/watch?v=_6v-5n-WOCc,,
[ ],八字“食伤生财”的组合一定做生意吗？为什么有的人也可以吃公家饭呢？,https://www.youtube.com/watch?v=s1pOKWK9N8M,,
[ ],八字何为盲派所说的“过河拆桥”？这种格局组合为何能发大财？,https://www.youtube.com/watch?v=4Ddz8btNa2I&pp=0gcJCU0KAYcqIYzv,,
[ ],八字“印旺”身弱之局喜见“食神”，见之不论夺食，反而“食神”可以当财看，你知道吗？,https://www.youtube.com/watch?v=2PqNNKLdo7Y,,
[ ],八字“丑，戌，巳”都可以作为金的出处，它们所藏之金到底有何不同？,https://www.youtube.com/watch?v=ZONPlOU222U,,
[ ],八字何为“换甲运”，为何“行运换甲，出生入死”？,https://www.youtube.com/watch?v=5Jvqy4W1l5A,,
[ ],什么样的八字组合容易“大器晚成”？,https://www.youtube.com/watch?v=uoqd7Aw2m_8,,
[ ],八字都是“食神制杀”为何有的人进公门，有的人搞技术，还有的人从事三教九流呢？,https://www.youtube.com/watch?v=9xnAwz_uKq4,,
[ ],女命“伤官”旺最好“配印”才能婚姻事业两全，如果只是“生财”可以成就自我，但感情难就。,https://www.youtube.com/watch?v=ogxPmGxTmP0&pp=0gcJCU0KAYcqIYzv,,
[ ],八字格局喜清喜纯，“一格两用”很难有大的人生作为，你知道吗？,https://www.youtube.com/watch?v=x3hpPYJ_52k&pp=0gcJCU0KAYcqIYzv,,
[ ],八字“比劫”过旺，到底用“官杀”制好，还是用“食伤”泄好？,https://www.youtube.com/watch?v=GKIMydONfdk,,
[ ],八字“地支”到底如何克制“天干”？,https://www.youtube.com/watch?v=Te894Ct3vI4,,
[ ],八字开店经营离不开“印星”的参与，无印者最好不要自主创业，你知道吗？,https://www.youtube.com/watch?v=8GxLfTrZGho,,
[ ],八字如何判断官职大小？格局论命法是有量化标准的，你知道吗？,https://www.youtube.com/watch?v=NbDrXELDkKU,,
[ ],八字命理中“天战犹自可，地战急如火”如何理解？,https://www.youtube.com/watch?v=pJMXzwKEGv8,,
[ ],八字何为女命“归禄逢伤”格，遇之极贵是真的吗？,https://www.youtube.com/watch?v=cxVAZSfolUw,,
[ ],八字到底有没有“阴刃”？它与“阳刃”有何区别？,https://www.youtube.com/watch?v=5C7593WMFAA,,
[ ],八字“弃命”格要想成就高，日主就是杂质，务必要将日主“弃干净”，你知道吗？,https://www.youtube.com/watch?v=K2hUNpRtZG0,,
[ ],八字“食神制杀”的女命婚恋表现有何特点？,https://www.youtube.com/watch?v=vhY0DDJSuYo,,
[ ],八字什么是“暗贵人”？暗合禄，暗合马，暗合贵分别指什么？,https://www.youtube.com/watch?v=kliM85IY5dU,,
[ ],八字女命“比劫”强旺，为什么如此容易犯“桃花”？并且好多是烂桃花？,https://www.youtube.com/watch?v=6e1emIzrruk,,
[ ],八字“华盖”星，为何有九流艺术天赋？,https://www.youtube.com/watch?v=KDLoWbzfNj0&pp=0gcJCU0KAYcqIYzv,,
[ ],八字“财星制印局”，何时得权？何时得财？,https://www.youtube.com/watch?v=RB9rcRthxW0,,
[ ],什么八字组合对爱情比较专一？,https://www.youtube.com/watch?v=o6NeSwEOedo,,
[ ],八字“食伤”为情绪，“财星”为情感，二者所表达的“情”是不同的，你知道吗？,https://www.youtube.com/watch?v=F0nBqieYSIU,,
[ ],五行之间的“生克制化”，才是构建八字“理法”的基石，你知道吗？,https://www.youtube.com/watch?v=kl-e26rCsh8,,
[ ],八字“正印”是命运的庇护者，它的福报是现成的。,https://www.youtube.com/watch?v=uvfFQ9RZ2IE,,
[ ],地支六合之“午未”相合，火土交融之变！,https://www.youtube.com/watch?v=aniRlbusABs&pp=0gcJCU0KAYcqIYzv,,
[ ],八字何为干支“带象”原理？到底如何来应用呢？,https://www.youtube.com/watch?v=bVhPWi-looo,,
[ ],八字男命“合神见克，首妻必换”，真的是这样吗？,https://www.youtube.com/watch?v=6h8ilzQkxZ8,,
[ ],八字“印星”为用神，日主务必要“身弱”为宜，不喜“比劫”再来泄印气，你知道吗？,https://www.youtube.com/watch?v=GSoFKuk5WSE,,
[ ],八字“日坐财库，无人不富”是需要条件的，“财库”到底怎么看？,https://www.youtube.com/watch?v=fqprF69yHWQ,,
[ ],什么样的八字容易成为“千年老二”？,https://www.youtube.com/watch?v=Qv-3XyZmAos,,
[ ],八字“官杀”和“比劫”是这个时代的“卷王”吗？,https://www.youtube.com/watch?v=dmlNMkzCUPg,,
[ ],八字日干的“虚实”是如何影响日主与家庭的关系远近的？,https://www.youtube.com/watch?v=8tsWsdzlrgw&pp=0gcJCU0KAYcqIYzv,,
[ ],八字不止“伤官伤尽”，所有十神都可以被“伤尽”，“伤尽”的结果就是“得到”！,https://www.youtube.com/watch?v=7qBC-GCHaws&pp=2AajAQ%3D%3D,,
[ ],八字“官格用印”和“印格用官”虽然都是官印相生，但其表现是不同的，你知道吗？,https://www.youtube.com/watch?v=F9E9CI0Wtg4,,
[ ],八字如何判断“平台规模”大小？能进大平台的组合是什么样的？,https://www.youtube.com/watch?v=sLXQJwIp-c8&pp=0gcJCU0KAYcqIYzv,,
[ ],八字关于“食神”的深度思考，为何它能够封“神”？,https://www.youtube.com/watch?v=Kk8hcLk-CSA,,
[ ],八字何为五行的“反生反克”原理？五行之间的生克总是辩证的，你知道吗？,https://www.youtube.com/watch?v=pIbUsJPhEEw,,
[ ],八字大运逢“枭神”，是一种什么样的人生体验？,https://www.youtube.com/watch?v=zTS4kqGFX4w,,
[ ],八字何为“反吟”？逢“反吟”真的容易泪淋淋吗？,https://www.youtube.com/watch?v=soM8qLCt5do&pp=0gcJCU0KAYcqIYzv,,
[ ],八字详谈之何为伏吟,https://www.youtube.com/watch?v=_pIKX6ehTUo&pp=0gcJCU0KAYcqIYzv,,
[ ],八字“戊土”见到“午火”到底是论“阳刃”还是“印星”？,https://www.youtube.com/watch?v=QozOdybArpA,,
[ ],八字“官杀”代表“工作事业”的底层逻辑：“官杀”是构建秩序，避免“熵增”的外界能量。,https://www.youtube.com/watch?v=PGcdvyANVnI,,
[ ],什么样的八字考运不佳，考试时容易“掉链子”？,https://www.youtube.com/watch?v=UT2H1Jf1lgY,,
[ ],八字干支相合不要轻易论“合化”，“合化”成功不是五行的消失而是丧失权力而已，你知道吗？,https://www.youtube.com/watch?v=5kbc15Rs6Uk,,
[ ],2025年戊寅月运势,https://www.youtube.com/watch?v=IK248nyNdlY&pp=2AaHBA%3D%3D,,
[ ],八字“劫财”和“败财”有何区别？“劫财”不仅劫财，还劫色，劫命，你知道吗？,https://www.youtube.com/watch?v=puAewfG01Kw,,
[ ],八字“藏官透杀”和“藏杀透官”以所透干者为主，具体有何人生表现？,https://www.youtube.com/watch?v=U2vVi0DHB9w,,
[ ],八字“伤官配印”的底层逻辑解析，野马一样的思维需要印星提供边界感。,https://www.youtube.com/watch?v=inv5QHq2GTE,,
[ ],八字“正官格”配印反而喜“伤官”，把“伤官”化敌为友才是“官印相生”的最高境界，你知道吗？,https://www.youtube.com/watch?v=UDqBVeW3E9Y,,
[ ],八字遇到“财星破印”，不管男女为何都不利婚姻的稳定？,https://www.youtube.com/watch?v=A0GtyArjS1M,,
[ ],2025年乙巳年，过年好！给大家拜年了！,https://www.youtube.com/watch?v=GZxRbfkv2jE,,
[ ],八字为何会有“原局用神”和“岁运用神”之说，难道二者不是一样的吗？,https://www.youtube.com/watch?v=Wn6D15RnyPA&pp=2AYc,,
[ ],八字“财格配印”成格条件是什么？其实叫“财格透印”更容易理解。,https://www.youtube.com/watch?v=2HUwQadcW4Y,,
[ ],八字“食神制杀”和“印星化杀”的深度意象解析，二者到底有何区别？,https://www.youtube.com/watch?v=EKPG7ZrOtLw,,
[ ],八字日主无根，最忌再行“身墓”运，你知道吗？,https://www.youtube.com/watch?v=wZ0GgNDMvOQ,,
[ ],八字“印星”为源头，有“放大”之功效，任何“用神”最好都能配备一位自己的“印星”，你知道吗？,https://www.youtube.com/watch?v=Ak7oW5mKv7E&pp=2AZP,,
[ ],八字“食伤生财”的意象解读，食神和伤官到底哪个更适合投资？,https://www.youtube.com/watch?v=RF8fcYreXx8,,
[ ],什么八字组合容易脱发秃顶？,https://www.youtube.com/watch?v=pErJy94Bp7E,,
[ ],八字“岁德正官”和“时上七杀”有何区别？官杀如果为用，为何有宫位之分？,https://www.youtube.com/watch?v=sThzvCrzYnw,,
[ ],八字“比劫合财”的意象解读，为什么岁运逢“合财”比“克财”更容易有钱财损耗？,https://www.youtube.com/watch?v=9c9eO3Q0fRA,,
[ ],八字女命“官杀制比劫”的现实表现如何？,https://www.youtube.com/watch?v=1NzwTZJJFuI,,
[ ],八字“偏财”不为人知的一面，为何也可以代表才华？,https://www.youtube.com/watch?v=h1yvBqGd1vw&pp=2AYM,,
[ ],八字男命看子女星——到底主看“官杀”，还是“食伤”呢？,https://www.youtube.com/watch?v=frNWcdKwSTM,,
[ ],八字“伤官见官”的组合职业有何特点？为何适合做律师等监察工作呢？,https://www.youtube.com/watch?v=L2BlbTGgeNo,,
[ ],八字“食伤”可以当财看？需要满足什么条件？为什么“食伤”当财可以看做大财呢？,https://www.youtube.com/watch?v=hEF4Gbfq7N0,,
[ ],八字“正官”和“正印”都具有正义感，二者到底有何不同？,https://www.youtube.com/watch?v=UiCZ5wrOVnU,,
[ ],八字“大运，流年”与原局的生克规律，到底是先“生”还是先“克”？,https://www.youtube.com/watch?v=7h4iddpCc-s,,
[ ],八字五行相生原理，“金”为什么会生“水”？,https://www.youtube.com/watch?v=b88X8jOUvXU,,
[ ],八字如何看生命中的“贵人”，为什么“印星”为最贵的贵人？,https://www.youtube.com/watch?v=RkXGbwinDq4,,
[ ],八字地支“卯酉”相冲的意象解读。,https://www.youtube.com/watch?v=I0-tef2k6_4,,
[ ],八字日坐“比劫”之人，为何不论男女，极易婚姻不顺？,https://www.youtube.com/watch?v=tcfFWgFvYrs,,
[ ],八字十天干“沐浴”怎么看？明明在“长生”之后，为何又被称为“败地”呢？,https://www.youtube.com/watch?v=jW6-ct97plk,,
[ ],八字什么样的男命容易找二婚妻子？,https://www.youtube.com/watch?v=tl-_H-UQLo4,,
[ ],八字看哪些女人容易找二婚丈夫？,https://www.youtube.com/watch?v=HNtDkmHspcA,,
[ ],什么样的八字“疑心病”比较重？,https://www.youtube.com/watch?v=pWqEsML6ooI,,
[ ],八字看健康：肾病及泌尿生殖系统疾病的特点解析,https://www.youtube.com/watch?v=L4L1tR7VVnU,,
[ ],八字如何看爱情欲望指数高低？为什么有的人干柴烈火，有的人却是清心寡欲呢？,https://www.youtube.com/watch?v=d7yD9A2G9oU,,
[ ],八字如何看“买车”，何时买？买什么样的比较好呢？,https://www.youtube.com/watch?v=oAWbndrS_80,,
[ ],古人云：“交运脱运，两头奔命”，换大运影响真的有那么大吗？,https://www.youtube.com/watch?v=uCdOTECF9-w,,
[ ],八字“戌土”在季秋，为何又被称为“火库”？地支四库命名原理是什么？,https://www.youtube.com/watch?v=-xDRYUAhJ2k,,
[ ],“寅亥”合为什么称之为“破合”，相破相合该如何来理解？,https://www.youtube.com/watch?v=ZNGnqQz_aYE,,
[ ],八字“伤官配印”与“印用伤官”：两种格局差异解析,https://www.youtube.com/watch?v=t6Hj8ohpILo,,
[ ],八字“比劫”虽然是配角，但很多情况下主角要想演得好是离不开它的，那么“比劫”到底该如何运用呢？,https://www.youtube.com/watch?v=Pd74Crl-M3I,,
[ ],八字不仅要选对“用神”，还要懂得如何评估“用神”对“忌神”的承载力，“用神”和“忌神”是相对的，你知,https://www.youtube.com/watch?v=FaXs3r_G4w4&pp=0gcJCU0KAYcqIYzv,,
[ ],什么样的八字性格乐观，豁达？,https://www.youtube.com/watch?v=00KsSsw_7k0,,
[ ],男命控制欲哪家强？非“七杀男”和“比劫男”莫属！,https://www.youtube.com/watch?v=cv7HfLPzST4&pp=0gcJCU0KAYcqIYzv,,
[ ],八字“食神”的“不争”如何来体现？为什么“食神”比“伤官”更容易被信任？,https://www.youtube.com/watch?v=AkuG0J3PAE0,,
[ ],八字“官杀”和“比劫”都代表勤快，不懒，但二者是有区别的，你知道吗？,https://www.youtube.com/watch?v=0SJXD74rukY&pp=0gcJCU0KAYcqIYzv,,
[ ],八字原局“用神”已定，但大运更换“用神”，偷梁换柱，命主“虽荣犹败”，感慨万千！,https://www.youtube.com/watch?v=iJyn_QrKuVs&pp=2AaJAQ%3D%3D,,
[ ],八字“流年”为何如此复杂？“大运”和“流年”哪个力量更大？,https://www.youtube.com/watch?v=JIeI65T5cwc,,
[ ],八字“主本同宫，夫妻难白头”是真的吗？,https://www.youtube.com/watch?v=ciJ_Yten3aY,,
[ ],八字女命“食伤”和“官杀”如何博弈才能收获稳稳的爱情？,https://www.youtube.com/watch?v=02929kghhQI,,
[ ],八字为什么“印星”代表证书？到底什么样的年份适合考证？,https://www.youtube.com/watch?v=Z7_szz4a3Pk,,
[ ],什么样的八字组合适合当老师，从事文化教育行业？,https://www.youtube.com/watch?v=aQNCs5NiaMQ,,
[ ],2025乙巳年运简析——木火交融，腾蛇环绕，你准备好了吗？,https://www.youtube.com/watch?v=V2ZnG9rTMfA&pp=0gcJCU0KAYcqIYzv,,
[ ],八字点评马云为何如此有“财”,https://www.youtube.com/watch?v=ZXsPXvpl9to&pp=2AYC0gcJCU0KAYcqIYzv,,
[ ],到底何为“财统官”？是“发财”还是“当官”该如何来辨别呢？,https://www.youtube.com/watch?v=kY-Wb3kWrUE,,
[ ],“伤官”为何独爱“偏财”？伤官生偏财的命理组合有何人生表现？,https://www.youtube.com/watch?v=tbe3njMCEvo,,
[ ],八字“食神”生错了“财星”，会有怎样的表现呢？,https://www.youtube.com/watch?v=EGfLwOI-lE0,,
[ ],八字无“财星”有何人生表现，难道真的就是穷命吗？,https://www.youtube.com/watch?v=jQ5xe3LnCYY,,
[ ],八字分析为什么要重点关注“成势”的十神？“君臣原理”学命者不可不知！,https://www.youtube.com/watch?v=Fi69DvLYn3M,,
[ ],八字“月支”和“日支”是如何影响命主的性格的？到底哪一个影响最大呢？,https://www.youtube.com/watch?v=gDOtnJJUyW8,,
[ ],八字到底何为“假从格”？真正的“假从”与“真从”只有一步之遥，你知道吗？,https://www.youtube.com/watch?v=Ir8yQKgQG8k,,
[ ],什么样的八字适合当医生？,https://www.youtube.com/watch?v=7S53AheJleo,,
[ ],什么样的八字容易患“肝病”？,https://www.youtube.com/watch?v=we9IkFg3PBw,,
[ ],八字论六亲吉凶之“原神”的重要性,https://www.youtube.com/watch?v=o5MbEDeWTzI,,
[ ],十干“败亡”运，真的有那么凶吗？,https://www.youtube.com/watch?v=aRqRWLkW2eU&pp=2AauAQ%3D%3D,,
[ ],“官杀女”也是很“爷们儿”的，她们在情感里的表现到底有多牛？,https://www.youtube.com/watch?v=_VQeqlWQhjE,,
[ ],男命“克妻”的八字有什么特征？,https://www.youtube.com/watch?v=wc5bE9urG_g,,
[ ],如果“印星”把“官杀”化虚，等于稀释权力，人生负面多多，你知道吗？,https://www.youtube.com/watch?v=90huDTKaFXA&pp=0gcJCU0KAYcqIYzv,,
[ ],八字“官多变杀”，究竟该如何理解？,https://www.youtube.com/watch?v=vYMB68KPUFE,,
[ ],“食伤”代表“天赋”和“智商”，它的创造力是如何表达的呢？,https://www.youtube.com/watch?v=5Xi5cRRtTqU,,
[ ],“官杀”和“印星”都可以代表名气，二者有何不同？,https://www.youtube.com/watch?v=pnSxq5Rk1hU,,
[ ],八字带“禄”并非好事，因为“禄”神非常娇滴滴，官杀克“禄”减福气，你知道吗？,https://www.youtube.com/watch?v=ib2aWY7br1w,,
[ ],看八字要读懂命局的“意图”，给五行赋予生命和思想，这样才知道如何“调兵遣将”，你知道吗？,https://www.youtube.com/watch?v=fgRnslEVuic,,
[ ],八字“时柱”为何被称为“门户”？不同的十神降临“时柱”有何影响？,https://www.youtube.com/watch?v=rRUFWrB5gPQ,,
[ ],八字何为“时上一位贵”,https://www.youtube.com/watch?v=zef8brwAllM,,
[ ],八字格局到底何为“相神”？“相神”有时候比“用神”还要重要，你知道吗？,https://www.youtube.com/watch?v=QbKlXQGosHw,,
[ ],八字观气势：何为“战局”和“偏枯”，二者有何区别？,https://www.youtube.com/watch?v=5A62-jazTHs,,
[ ],八字最好要让“用神”身兼数职，它解决的问题越多，格局层次越高，你知道吗？,https://www.youtube.com/watch?v=T8FoKy8s8Ts,,
[ ],八字五行力量强弱非要看“地支”吗？“天干”的“气势”也很重要，你知道吗？,https://www.youtube.com/watch?v=Nei6Mux8FQA,,
[ ],看八字要先定义清楚“忌神”，才能确定如何选取“用神”，你知道吗？,https://www.youtube.com/watch?v=wY0UmuN0VoI,,
[ ],八字“从格”一定要突出重点，保证从的是“一方”五行之旺势，这样才能有高层次，你知道吗？,https://www.youtube.com/watch?v=lQtqKyxT1fs,,
[ ],“乙庚”相合——情与义的交融之合！,https://www.youtube.com/watch?v=oQN6_6cX9c8,,
[ ],“丙辛”相合为什么称作“威制”之合？我倒觉得“心灵”之合比较适合它。,https://www.youtube.com/watch?v=OFX8FGa58nM,,
[ ],未婚先孕，奉子成婚的八字有何特征？,https://www.youtube.com/watch?v=kXn5YfMungg,,
[ ],八字如何看感情“离婚”的应期？,https://www.youtube.com/watch?v=t9edyca6v9Q,,
[ ],女命“官杀”为用，事业与感情“一荣俱荣，一损俱损”。,https://www.youtube.com/watch?v=9AJGSMN_xrk,,
[ ],女命婚姻感情要想长久稳定离不开“印星”，这是为什么呢？,https://www.youtube.com/watch?v=zDVu_q9kyZ8,,
[ ],“偏财”为什么具有流动性？到底该如何驾驭“偏财”？,https://www.youtube.com/watch?v=zRF2lsblrVc,,
[ ],“官杀”太旺，克制“比劫”太过有何人生表现？,https://www.youtube.com/watch?v=efae764eI3o,,
[ ],八字某种五行过旺到底是用“克”好，还是用“泄”好？,https://www.youtube.com/watch?v=txNKwEdJCMI,,
[ ],八字“食伤”的专业性如何表达？在什么情况下代表“技术”，又在什么情况下代表“口才”呢？,https://www.youtube.com/watch?v=HMp3aHAXKTA,,
[ ],八字“财星”过旺，有何人生表现？,https://www.youtube.com/watch?v=35J2sUsdYk4,,
[ ],什么是财过河,https://www.youtube.com/watch?v=k4b8o62OmJU,,
[ ],八字里的秘密：为何这些人总是“死要面子活受罪”？,https://www.youtube.com/watch?v=yO5z_t0aEgo,,
[ ],什么八字心机重，城府比较深？,https://www.youtube.com/watch?v=VbaGv6hPuw8,,
[ ],盲派所说的“反局”做功，到底是什么？为什么“反局”做功比“正局”更胜一筹？,https://www.youtube.com/watch?v=dHPra298MEY,,
[ ],八字格局的高低，要突出“力”和“情”相互配合，“有情而情至，有力而力全”为最佳，你知道吗？,https://www.youtube.com/watch?v=TKAeNLswM_Y,,
[ ],八字与健康——如何看“肺部，呼吸系统疾病”,https://www.youtube.com/watch?v=TbtHdiiRcqU,,
[ ],探索八字奥秘：“枭神夺食”现象背后的灾祸与启示,https://www.youtube.com/watch?v=s8r9b9TABmg,,
[ ],何为五行之间的“生”与“帮”？同性相生和异性相生有何区别？,https://www.youtube.com/watch?v=YpGPhG4rCYk,,
[ ],八字到底何为“伤官伤尽”？“伤官伤尽”一定要再见“官星”才能有成就，你知道吗？,https://www.youtube.com/watch?v=oRAH2R7-qv8,,
[ ],“伤官女”制官，“印旺女”化官，她们的恋爱感情观有何不同？,https://www.youtube.com/watch?v=KwJR0c3MNTI,,
[ ],“比劫男”克财，“官杀男”化财，他们的恋爱感情观有何不同呢？,https://www.youtube.com/watch?v=4iv5WoIyIIk&pp=0gcJCU0KAYcqIYzv,,
[ ],如何通过八字看“穿着打扮”的特点？,https://www.youtube.com/watch?v=qMqhaqNMAI0,,
[ ],八字何为“弃印就财”格，为何此类命主多为创业发家之命？,https://www.youtube.com/watch?v=0EIKryubzGw,,
[ ],八字“假从”格其实就是“变格”，它比“真从”格更稳当，对“大运”的适应性更强,https://www.youtube.com/watch?v=AcxBWAwSnL8&pp=0gcJCU0KAYcqIYzv,,
[ ],八字何为用神的“去”和“留”？“制化两立”的格局到底该如何达成？,https://www.youtube.com/watch?v=hBRbtDlAWes,,
[ ],八字“五行流通有情”是一种福气，但并不代表一定富贵，你知道吗？,https://www.youtube.com/watch?v=CHKbtzW_8s0,,
[ ],八字身弱，食伤旺走什么运比较好？,https://www.youtube.com/watch?v=UuQZ4yyUH-8,,
[ ],八字“财星”当令且旺，此时是用官星来“护”得财多，还是比劫来“克”呢？,https://www.youtube.com/watch?v=OLY4j-AqqLA,,
[ ],“巳火”到底是阳火还是阴火？为什么是总说它是“变色龙”？,https://www.youtube.com/watch?v=2CCndeRxCnQ,,
[ ],“食伤”和“财星”都可以代表人的“欲望”，二者到底有何不同？,https://www.youtube.com/watch?v=1EcGzYlLiLQ,,
[ ],2024甲辰年丙子月运势,https://www.youtube.com/watch?v=nLQEHEorXjs,,
[ ],八字揭秘：比劫重重不只“克父”，更容易“克母”！,https://www.youtube.com/watch?v=AQkVIDqAgII,,
[ ],八字“辰酉”合——“龙凤”之合的意象解读，它和“丑酉”合有何区别？,https://www.youtube.com/watch?v=3oPXXAwRF9s,,
[ ],八字象法：“单丁独甲，脚跛眼瞎”是真的吗？,https://www.youtube.com/watch?v=l9bnrxCtoig,,
[ ],八字何为“暗官”？财生暗官格如何理解？,https://www.youtube.com/watch?v=D10RTw8kVtc,,
[ ],八字何为盲派的“贼捕”结构？“制什么得什么”该如何理解？,https://www.youtube.com/watch?v=pwHu3QqtH3g,,
[ ],“无婚”命的八字是什么样的？为什么这样的八字难以成婚？,https://www.youtube.com/watch?v=cOdb6MCTlIY,,
[ ],“丑午”相害——热情与内敛的碰撞，为何被称为“官鬼之害”？,https://www.youtube.com/watch?v=d1_mdd45od4,,
[ ],地支六害——“子未”相害的意象解读，“土水”相战的一种形式。,https://www.youtube.com/watch?v=4n7wFhntxow,,
[ ],何为“年带伤官，父母不全”？“伤官”伤的不仅仅是“官”，你知道吗？,https://www.youtube.com/watch?v=wlF0svSiNng,,
[ ],八字为何“吉神”要顺用，“凶神”要逆用？格局重在“驾驭”之法，你知道吗？,https://www.youtube.com/watch?v=NbRQE3onCZ8&pp=0gcJCU0KAYcqIYzv,,
[ ],八字“印星”和“食伤”都可以代表思考，在思想境界的维度二者的表现有何不同？,https://www.youtube.com/watch?v=kBwLKR01p4g,,
[ ],八字交换运需注意，“大运”有时候会提前介入，你知道吗？,https://www.youtube.com/watch?v=op6y8YkWTyw,,
[ ],八字要想成就人生高光时刻，原局的“用神”就不要太强，因为“命局”是要经历“大运”的洗礼的，你知道吗？,https://www.youtube.com/watch?v=z2BWriXybSI&pp=0gcJCU0KAYcqIYzv,,
[ ],八字格局“官杀制比劫”，务必配合一位“印星”，这样才能提高人生境界，这是为何呢？,https://www.youtube.com/watch?v=CoQRyw1qtWA,,
[ ],八字“夫妻宫”被合，真的一定不好吗？,https://www.youtube.com/watch?v=3rptEK2D7hE,,
[ ],什么八字与西方国家有缘，适合出国发展？,https://www.youtube.com/watch?v=kuOtO_LHVrc,,
[ ],八字何为“天地转杀”？“天转，地转”会有死亡之灾吗？,https://www.youtube.com/watch?v=no2Pf6pgJdU,,
[ ],八字“印旺”真的不喜官杀吗？到底有没有“从印”之格？,https://www.youtube.com/watch?v=pp89elQl7jo,,
[ ],八字地支“墓库”太多，并不一定是好事，它有什么负面影响？,https://www.youtube.com/watch?v=LX0ti9HTGMI,,
[ ],八字“月令”并非静止的，它也具有“活性”，“月令”和“月支”是有一定区别的，你知道吗？,https://www.youtube.com/watch?v=dQguhi0WoYc,,
[ ],什么样的八字男命“旺妻”？,https://www.youtube.com/watch?v=MCIYqSkAgsY,,
[ ],八字“食伤生财”遇到“七杀”，“馅饼”容易变成“陷阱”，你知道吗？,https://www.youtube.com/watch?v=2EcmcSfwTzA,,
[ ],八字“有杀先论杀，无杀方论用”的另一种解读，“七杀”为什么到哪儿都是焦点？,https://www.youtube.com/watch?v=8qlz33n5qE4,,
[ ],八字五行相克的奥秘，“群殴”动荡不安，“单挑”有情至上，这是为何？,https://www.youtube.com/watch?v=TGBuR5l95Ws,,
[ ],八字“忌神”并不是一无是处，它也可以做正确的事情，你知道吗？,https://www.youtube.com/watch?v=jULnb-SsmL8&pp=0gcJCU0KAYcqIYzv,,
[ ],八字“比肩”和“劫财”面对“财星”的表现有何不同？为什么说“比肩”是破财，“劫财”是破产？,https://www.youtube.com/watch?v=u_pMk14N31E,,
[ ],什么样的八字组合“性格急躁”？,https://www.youtube.com/watch?v=n96uLUCFs_Q,,
[ ],八字“枭神夺食”的吉凶完全取决于“食神”的地位与作用，不可妄下结论！你知道吗？,https://www.youtube.com/watch?v=SlrC6265seY,,
[ ],八字男命“正财”和“偏财”都可以代表妻星，二者有何不同？,https://www.youtube.com/watch?v=cDqUTQYUEug,,
[ ],八字女命“正官”和“七杀”都可以作为夫星，二者有何区别？,https://www.youtube.com/watch?v=vVcmejbfbc4,,
[ ],八字何为 “扶抑”？到底“扶什么”，“抑什么”？,https://www.youtube.com/watch?v=tnMNCXJkXS8,,
[ ],什么样的八字适合做“公务员”进公门？,https://www.youtube.com/watch?v=YTAiOHI59YA,,
[ ],八字“年柱”和“月柱”到底哪一个为父母？,https://www.youtube.com/watch?v=-0zybtTev_A,,
[ ],地支六害——“酉戌”相害的意象解读,https://www.youtube.com/watch?v=aeuOZeQoPGg,,
[ ],“甲己”相合，为何为“中正之合”？,https://www.youtube.com/watch?v=A9MZoRDFOsc,,
[ ],“丁壬”相合，为何称为“淫暱”之合？大家不要望文生义，真不是你想的那样！,https://www.youtube.com/watch?v=q3w2M4NcE3I&pp=0gcJCU0KAYcqIYzv,,
[ ],“闷声发大财”的八字组合是什么样子？,https://www.youtube.com/watch?v=d3FUOlAohlI,,
[ ],八字“食神制杀”的组合，日主到底要“身旺”还是“身弱”？,https://www.youtube.com/watch?v=3uUurrE0nW0,,
[ ],八字“甲不离庚”怎么理解？十天干喜忌和格局喜忌不能混为一谈，你知道吗？,https://www.youtube.com/watch?v=r0yxtATrLJ0,,
[ ],八字“官印相生”本为美，但如果“印星化官”太过，反而没有贵气，你知道吗？,https://www.youtube.com/watch?v=MpiLC0iWsHw,,
[ ],八字不要太高估“通关用神”，它只是“和事佬”，解决不了大的燃眉之急，你知道吗？,https://www.youtube.com/watch?v=VgK-1dX756I,,
[ ],八字“逢冲而动”与“逢合而动”有什么区别？,https://www.youtube.com/watch?v=bhZSPP1876M,,
[ ],八字“印星”为用，最宜贴身日元相生，“印星”生谁，谁说了算的道理要懂得。,https://www.youtube.com/watch?v=eas2qEODTiE,,
[ ],八字何为“回克”？若逢“回克”成功之岁运，很容易“克”什么“得”什么，你知道吗？,https://www.youtube.com/watch?v=SwZYk1Y54tg,,
[ ],八字身体素质好坏与“身强”“身弱”无关，什么样的命理组合身体素质好呢？,https://www.youtube.com/watch?v=LA84fDs0Zck,,
[ ],八字五行过弱又被“生”或者“泄”的太猛，是很容易见灾的，你知道吗？,https://www.youtube.com/watch?v=sBCmbIgnCuI,,
[ ],"八字“食神逢正印,田产年年进”，难道食神不怕正印吗？",https://www.youtube.com/watch?v=Y87AUL5niwo,,
[ ],八字何为“连体”之说？“连体之根”不可受伤，容易影响健康寿命，你知道吗？,https://www.youtube.com/watch?v=7R-Am81Lq4Y,,
[ ],八字看子女——“身旺财为子，身衰印作儿”，到底如何理解呢？,https://www.youtube.com/watch?v=kifU7p-fM3g,,
[ ],八字“巳申”之间到底是“相合”还是“相刑”？还是“合中有刑”呢？,https://www.youtube.com/watch?v=bx-4E02UsQE,,
[ ],“身弱”者，到底是行“用神”运好，还是行“旺身”运好呢？,https://www.youtube.com/watch?v=hr8xX4vGdyM,,
[ ],什么八字的人不能太瘦，不适合减肥？,https://www.youtube.com/watch?v=AOomCa2G5YM,,
[ ],八字如何看懂“流年”？不要用“流年”的吉凶判断喜忌，这是为什么呢？,https://www.youtube.com/watch?v=p-0kJjYZGg8,,
[ ],八字“先打工后创业”的命理组合有何特征？,https://www.youtube.com/watch?v=dBfnYAwX85c,,
[ ],什么样的八字组合容易“闪婚闪离”？,https://www.youtube.com/watch?v=-koebTXCAfg,,
[ ],八字命带“桃花煞”与犯桃花关系不大，看“桃花”兴旺还得看“财官”，你知道吗？,https://www.youtube.com/watch?v=1YJybzX16zI&pp=0gcJCU0KAYcqIYzv,,
[ ],2024甲辰年乙亥月运势,https://www.youtube.com/watch?v=8LzJPZyUEj0,,
[ ],八字十神中为何“劫财”的暴力倾向最严重？悍匪的八字有何特征？,https://www.youtube.com/watch?v=ITFGCusF_0w,,
[ ],八字“比劫”都可以生“食神”，但为何“食神最喜劫财乡”？,https://www.youtube.com/watch?v=8fEmtTQMAMs,,
[ ],八字命局“做功”最好突出具体功效，能起到“救护”之功才是高格局，你知道吗？,https://www.youtube.com/watch?v=s5OobLFjAJs&pp=0gcJCU0KAYcqIYzv,,
[ ],八字“人无官杀不成材，七杀无制小人害”，“七杀无制”有何命理表现？,https://www.youtube.com/watch?v=MR8rbfzqPDg,,
[ ],八字“五行共存”并不是好事，它对格局事业多有负面影响，你知道吗？,https://www.youtube.com/watch?v=sq1wp6eHa6c,,
[ ],八字“被去之字”不宜再生助起来，命局的意向是要先搞懂的，你知道吗？,https://www.youtube.com/watch?v=8Omf6hNKPuo,,
[ ],八字缺少“比劫”是怎样一种人生体验？,https://www.youtube.com/watch?v=0a6nxlURHbI,,
[ ],八字“官杀”制化不好可当“财”看，能否发财还要看具体组合，你知道吗？,https://www.youtube.com/watch?v=hiCWLLUzHJE,,
[ ],八字“比劫女”有何命理特征？为什么有女版“钢铁侠”之称谓？,https://www.youtube.com/watch?v=DRhzgftPLSU,,
[ ],“伤官女”一定无夫缘吗？女命“伤官伤尽”也可嫁贵夫，你知道吗？,https://www.youtube.com/watch?v=vVFyTfilApg,,
[ ],八字何为“子卯”无礼之刑，“子”水真的不生“卯”木吗？“两子不刑一卯”吗？,https://www.youtube.com/watch?v=kLrytz8MRlg,,
[ ],天干五合——“戊癸”相合，为何称为“无情之合”呢？难道一点情义都没有吗？,https://www.youtube.com/watch?v=WoMubK4owiM,,
[ ],八字何为“水火既济”格，水与火如何匹配才能相安无事呢？,https://www.youtube.com/watch?v=6ilcujU7XSk,,
[ ],八字中“口才”代言人不仅仅是“食伤”，能说会道的八字有何特点？,https://www.youtube.com/watch?v=1HduP6twCII,,
[ ],抠门小气的八字有何特征？,https://www.youtube.com/watch?v=MXcXx-U3OW0,,
[ ],八字墓库刑冲之“丑未相冲”断应期影响最大，这是为什么呢？,https://www.youtube.com/watch?v=qXh4sjgJYQI,,
[ ],八字“白手起家”的命理特征。,https://www.youtube.com/watch?v=-3-mERDG4GY,,
[ ],八字是如何体现“遗传”基因信息的？,https://www.youtube.com/watch?v=Xj2RF2jdAe0,,
[ ],什么八字组合为“离祖”发展之命？注定要背井离乡。,https://www.youtube.com/watch?v=9KTo8IhTjyI&pp=0gcJCU0KAYcqIYzv,,
[ ],“剩男”“剩女”在命理中有何特征？为什么有的人容易成为“光棍”？,https://www.youtube.com/watch?v=avr9NJ_Ae_o,,
[ ],八字逢“财星坏印”最好配“比劫”解救，“官杀”通关效果不大，你知道吗？,https://www.youtube.com/watch?v=8oO_0X3maGo,,
[ ],八字只有“病入膏肓”才能体现“用神”的价值，如果只是“头疼脑热”，“用神”就会“用而不显”，你知道吗,https://www.youtube.com/watch?v=okQkGGy5rmQ,,
[ ],八字到底何为“制杀留财”？“官鬼”化财的道理大家不可不知！,https://www.youtube.com/watch?v=Wu42zMouBg8,,
[ ],八字“官杀”和“印星”都可以代表权力，二者有何不同？,https://www.youtube.com/watch?v=lnA-zoHXPoQ,,
[ ],八字天干和地支属于不同的“战场”，“用神”不能千篇一律，你知道吗？,https://www.youtube.com/watch?v=Blsv_8lwSr8,,
[ ],八字身弱到底用“印”还是“比劫”是要看客观条件的，不能混为一谈，你知道吗？,https://www.youtube.com/watch?v=5P4kIfnVLHw,,
[ ],八字何为“四大空亡”？“空亡”到底以年柱还是日主来查？,https://www.youtube.com/watch?v=xofCarLRpVc,,
[ ],八字地支“三会局”详解，“三合”和“三会”到底谁的力量大？,https://www.youtube.com/watch?v=lhptmapo6uo,,
[ ],八字“独财掌千金”如何理解？为何一个财容易成为“真财”？,https://www.youtube.com/watch?v=jr4z-WzAE4Y,,
[ ],八字为什么“官星”遇到“伤官”反而发贵？“伤官见官”到底如何理解？,https://www.youtube.com/watch?v=hLoZ4Rk7YRw,,
[ ],八字“身杀，身财两停”类格局，真不是你想的那样。,https://www.youtube.com/watch?v=i5i4h8EO_Xc,,
[ ],“身弱不担财官”是对还是错？“财官”的获得与你身强，身弱无关，你知道吗？,https://www.youtube.com/watch?v=1qHpaBFGy14,,
[ ],八字十二长生之“长生”位代表什么？自坐“长生”有什么具体含义呢？,https://www.youtube.com/watch?v=nt_7PLqBwRU,,
[ ],大运定“乾坤”，流年定“应期”，到底如何理解？,https://www.youtube.com/watch?v=sv3n-vZGE7o,,
[ ],八字“羊刃倒戈”和“羊刃逢冲”是不一样的，你知道吗？,https://www.youtube.com/watch?v=8kMuuBGYLj0,,
[ ],地支藏干为何被称为“人元”？它是隐藏“人性”的表达，你知道吗？,https://www.youtube.com/watch?v=A-KiNKFWWM0,,
[ ],八字何为十神之间的“暗引”？,https://www.youtube.com/watch?v=tDXMIVieu8o,,
[ ],地支六合——子丑合的意象解读,https://www.youtube.com/watch?v=Nfe4kguSakE,,
[ ],八字容易有“自杀”倾向的命理特征,https://www.youtube.com/watch?v=S36qAMQmPW0,,
[ ],什么样的八字容易有精神疾病,https://www.youtube.com/watch?v=xGyjV86W0Z8,,
[ ],俗话说“聪明不过伤官，伶俐不过七杀”，二者到底有何区别？,https://www.youtube.com/watch?v=fY_R0ArT1Mk&pp=0gcJCU0KAYcqIYzv,,
[ ],八字“癸水”坐“丑土”到底论七杀还是羊刃？癸丑日柱有何特点？,https://www.youtube.com/watch?v=1sW7wpAauOc,,
[ ],比肩和劫财的“帮身”有何不同？面对“情和利”，二者的表现为何是不一样的？,https://www.youtube.com/watch?v=-H2D3i_9V4s,,
[ ],八字“泄道”不仅仅是“食伤”，任何“泄道”被堵，后果都是很严重的。,https://www.youtube.com/watch?v=05tblwKuAR0,,
[ ],八字如何看“人品”？善人和恶人的八字是什么样的？,https://www.youtube.com/watch?v=-gNKaZz9C3w,,
[ ],八字“起名，改名”要谨慎，它遵循的中心原则是什么？,https://www.youtube.com/watch?v=tvzZhpR5QFI,,
[ ],八字“四宫位”配何种十神为“得位”？各回各家，各找各妈，才能各得其所，你知道吗？,https://www.youtube.com/watch?v=w5DWECkRDyg,,
[ ],八字“禄神”逢冲谓之“破禄”，到底有何影响呢？,https://www.youtube.com/watch?v=g60eQOD-DGw,,
[ ],八字“日干”并不是皇上，它也要参与五行生克，也是要干活的。,https://www.youtube.com/watch?v=_rhYihlEXwo,,
[ ],八字日坐“墓库”和日坐“天财”有何区别？,https://www.youtube.com/watch?v=-C-mRHC1hI0,,
[ ],八字看灾难，如何区分“社会之灾”还是“身体之灾”？,https://www.youtube.com/watch?v=u96VwpDCjm8,,
[ ],八字“食伤”不可空落落，一定要“做功”才能有成就，你知道吗？,https://www.youtube.com/watch?v=EiP7n-6O4I8,,
[ ],八字“好赌博”，有投机心理之人，有何命理特征？,https://www.youtube.com/watch?v=jx9ExJxy8Fo,,
[ ],八字最忌“用神打架”，它比“用神无力”危害程度还要高，你知道吗？,https://www.youtube.com/watch?v=dfqKL6fcez4,,
[ ],八字“偏印”成枭最好搭配“偏财”才能亨通，你知道吗？,https://www.youtube.com/watch?v=F0ZzEe9TrmQ,,
[ ],八字“制杀太过”远比“官杀混杂”要麻烦的多，你知道吗？,https://www.youtube.com/watch?v=9KtHJGO3oCo,,
[ ],八字“短命”之人有何命理特征？,https://www.youtube.com/watch?v=fDYVtEdgW6c,,
[ ],八字“官印男”理性强，真的适合结婚不适合谈恋爱吗？,https://www.youtube.com/watch?v=ERn9NPAWiYM,,
[ ],什么样的八字最缺乏“安全感”？“安全感”的缺失会束缚你的发展，你知道吗？,https://www.youtube.com/watch?v=x3zw74Cihw0,,
[ ],2024年甲戌月运势，离火运真的要开始进气了吗？,https://www.youtube.com/watch?v=RPw2KJf8yxY,,
[ ],八字女命“嫁老夫”，“老夫少妻”命理特征,https://www.youtube.com/watch?v=CFVg0rqhDao,,
[ ],容易“吃软饭”的男命八字特征。,https://www.youtube.com/watch?v=8EO1WjW8whI,,
[ ],八字“财星”对女命至关重要，为何缺少“财星”容易欠缺风情？,https://www.youtube.com/watch?v=O9I8onxZrG8,,
[ ],女命比劫重重一定会“争夫”，陷入三角恋吗？,https://www.youtube.com/watch?v=Un7J9-YXxJE,,
[ ],八字何为“童子命”？命带“童子”真的就不好吗？,https://www.youtube.com/watch?v=GE4bTOVAbo0,,
[ ],什么样的八字能成为“网红”？,https://www.youtube.com/watch?v=IjurhWi2qp8,,
[ ],八字看职业——什么八字适合“互联网”相关行业？,https://www.youtube.com/watch?v=hnYNd50mRT8,,
[ ],八字无“官杀”，是怎样一种人生体验？,https://www.youtube.com/watch?v=_FNyErlxUr0,,
[ ],“事业心”强的八字，有什么特征呢？,https://www.youtube.com/watch?v=UmQL-2Z75uU,,
[ ],八字五行论命，“金水”旺和“木火”旺到底有何不同？,https://www.youtube.com/watch?v=JKJFqhFne54,,
[ ],什么八字容易“孤独终老”？,https://www.youtube.com/watch?v=H9BjMG6GYtk,,
[ ],八字格局之“从儿格”，为何最喜“吾儿又见儿”？,https://www.youtube.com/watch?v=1pcugx4U9co,,
[ ],八字何为“晦气相合”，合太岁为什么会有“晦气”？,https://www.youtube.com/watch?v=MaY8Llr8_SM,,
[ ],八字财格透杀，即“财旺党杀”，怎么办？,https://www.youtube.com/watch?v=UchzSD3s17Y&pp=0gcJCU0KAYcqIYzv,,
[ ],“食神遇杀格”和“杀遥食制格”是完全不同的人生，你知道吗？,https://www.youtube.com/watch?v=XpKM7NV6yC4,,
[ ],八字“日禄归时格”，真的可以青云得路吗？,https://www.youtube.com/watch?v=YqMSF97iDdo,,
[ ],八字“用神”对“忌神”不要赶尽杀绝，乱世出枭雄的道理要懂的。,https://www.youtube.com/watch?v=aGRHQ19bVCs,,
[ ],八字“官杀混杂”不能取清，从事“技艺”相关也能小有成功，你知道吗？,https://www.youtube.com/watch?v=UA9alGBMhqE&pp=0gcJCU0KAYcqIYzv,,
[ ],八字十神有“动静”之分，为什么静星多的人容易拥有“铁饭碗”？,https://www.youtube.com/watch?v=uIHIKPCLRdI,,
[ ],八字如何看社交能力？“社牛”和“社恐”在八字中早有体现，你知道吗？,https://www.youtube.com/watch?v=TJ_QTMV1DnI,,
[ ],什么样的八字比较“孝顺”，你的子女未来能够贤孝吗？,https://www.youtube.com/watch?v=Y0bK6m8axGY,,
[ ],“比劫”在感情里不一定是第三者，也有可能是“桃花”，你知道吗？,https://www.youtube.com/watch?v=iKL8gnJhtx8,,
[ ],八字何为“金寒水冷”？为何寒湿重，则百病生？,https://www.youtube.com/watch?v=0wC-lLPyz70,,
[ ],八字“飞天禄马”格，为何不见财官也能富贵？,https://www.youtube.com/watch?v=sOjmbyYyfAk,,
[ ],八字命局做功“天地一气”，大都具有好命的潜质，你知道吗？,https://www.youtube.com/watch?v=Quqy5ZjcfYc,,
[ ],八字命盘现“浮神”，其实这是上天给你翻身的机会！,https://www.youtube.com/watch?v=PQfqWDSFW3A,,
[ ],八字“用神”务必要有“护卫”，这样命局才能长治久安，你知道吗？,https://www.youtube.com/watch?v=qdU4BAkl-J8&pp=0gcJCU0KAYcqIYzv,,
[ ],八字何为“干支分论”？到底天干能不能克地支，地支能不能克天干？,https://www.youtube.com/watch?v=tfTgVXGYeCI,,
[ ],八字何为湿土“晦火”，为什么丑土“晦火”最严重？,https://www.youtube.com/watch?v=HAbG1mFj45I,,
[ ],八字日元逢“绝”地，到底如何“绝处逢生”？,https://www.youtube.com/watch?v=cgSnbvjRkBM,,
[ ],八字看你命中会“克”哪个亲人？,https://www.youtube.com/watch?v=YBmpb26IwHA,,
[ ],八字如何看“恋爱脑”？陷入痴情的男女其中有你吗？,https://www.youtube.com/watch?v=rnVsJLeEAdE,,
[ ],八字交运，脱运有何秘密？好运何时来？,https://www.youtube.com/watch?v=v53hbGoBgqI,,
[ ],什么八字的人行动力差，懒人真的有懒命吗？,https://www.youtube.com/watch?v=VgaqSKb3lsY,,
[ ],八字“男怕合绝，女怕合贵”，如何理解？,https://www.youtube.com/watch?v=0W5IN-LqxDQ,,
[ ],女命“夫星带合”，老公一定有外遇吗？,https://www.youtube.com/watch?v=dt5YzShpO4E,,
[ ],八字原局六亲入“墓”，到底是吉还是凶？,https://www.youtube.com/watch?v=jWFTJhGRbBM,,
[ ],八字逢“伤官”大运，是怎样一种体验？,https://www.youtube.com/watch?v=LqKfzeyCbLE,,
[ ],八字五行“制”与“化”有何区别？为什么“制杀”比“化杀”要累很多？,https://www.youtube.com/watch?v=nN-SYZNHoi8,,
[ ],八字逢“财星”大运，一定发财吗？到底是怎样一种人生体验？,https://www.youtube.com/watch?v=g2tZGI_Y06U,,
[ ],孩子犯“小儿关煞”，到底有没有影响？,https://www.youtube.com/watch?v=H4-OgWtCt_E,,
[ ],古语云“天下没有穷戊子，人间未见苦庚申”，是真的吗？,https://www.youtube.com/watch?v=5RjbooGIAWM,,
[ ],八字何为“水土混杂”？其表现不一定愚痴，也有可能谎话连篇,https://www.youtube.com/watch?v=iEwhNiroj6g,,
[ ],八字逢“七杀”大运是种什么体验？,https://www.youtube.com/watch?v=XKdTOzAXVnM,,
[ ],八字“调候用神”，真的那么重要吗？,https://www.youtube.com/watch?v=KGuho69ctQE,,
[ ],八字比劫过旺，有何人生表现？,https://www.youtube.com/watch?v=Jq5OhzyTsAo,,
[ ],“食伤生财”本为美，但若财星过旺反而赚不到钱，你知道吗？,https://www.youtube.com/watch?v=pJZKsVmFi9w,,
[ ],八字身强的人，如何提升自己的运势？,https://www.youtube.com/watch?v=KuiW-BGREz0,,
[ ],什么样的女命八字“旺夫益子”？,https://www.youtube.com/watch?v=3iO-X5t-mJY,,
[ ],女命“官杀混杂”不一定姻缘多，还容易成为“母单”，这是为什么呢？,https://www.youtube.com/watch?v=EqhW9V367l0,,
[ ],“伤官配印”取贵之处在于“官杀”而不在“印星”，你知道吗？,https://www.youtube.com/watch?v=k-PDfgU64pg,,
[ ],“丑未戌”三刑入命，会有何人生表现？,https://www.youtube.com/watch?v=bMojdxprDHc,,
[ ],八字缺少食伤，会有怎样的人生表现？,https://www.youtube.com/watch?v=QBOIbMY3ndA,,
[ ],什么是“内食神”和“外食神”，它们有何区别,https://www.youtube.com/watch?v=97ZQMGh8Ips,,
[ ],官星可以“护财”，但也会“耗财”，你知道吗？,https://www.youtube.com/watch?v=5QKF3j3zHPQ,,
[ ],八字“时柱”能体现什么信息？为何“月好不如时好”,https://www.youtube.com/watch?v=7DyIlMc7luQ,,
[ ],八字“火炎土燥”有什么不好？为何大都婚姻不顺？,https://www.youtube.com/watch?v=YAC-AWNHlO4,,
[ ],何为土多金埋？土多金埋是针对“庚金”还是“辛金”？,https://www.youtube.com/watch?v=jwnkha1HEmg,,
[ ],什么八字的人房产多？,https://www.youtube.com/watch?v=7XIzL6RsDaU,,
[ ],“食神克官”和“伤官克官”的区别？,https://www.youtube.com/watch?v=f8RGKZLTQ4U,,
[ ],八字如何看“伤疤“，“痣痕”？,https://www.youtube.com/watch?v=7j3AQPKplMA,,
[ ],2024年癸酉月运势,https://www.youtube.com/watch?v=sOsR5FnT8Wk,,
[ ],什么八字易患心脏，脑血管疾病？,https://www.youtube.com/watch?v=01XNWPm__AQ,,
[ ],八字何为“杀印相生”，到底正印好还是偏印好？,https://www.youtube.com/watch?v=tJ0Roe7NKJc,,
[ ],“二子不冲午，二寅不冲申”，是真的吗？,https://www.youtube.com/watch?v=ilAETCsZBpM,,
[ ],八字“用神”为何最好要透干？,https://www.youtube.com/watch?v=dvHc1wfLLeY,,
[ ],八字改运之道：和什么样的人在一起可以旺自己？,https://www.youtube.com/watch?v=R5Olh7L0Z60,,
[ ],印生比劫生食伤，是怎样一种人生体验？,https://www.youtube.com/watch?v=49MCm6iFATw,,
[ ],命理技法之“戴帽论”，“财戴官帽”有何人生表现,https://www.youtube.com/watch?v=pQEtGv1iv5U,,
[ ],八字“月支”对婚姻的影响很大，你知道吗？,https://www.youtube.com/watch?v=L55OKUPVTlU&pp=0gcJCU0KAYcqIYzv,,
[ ],八字龙吟虎啸格，一定主富贵吗？,https://www.youtube.com/watch?v=MXqMsP0YIBo,,
[ ],先财后印，反成其福，怎么理解？,https://www.youtube.com/watch?v=7PmyJSyQbXU,,
[ ],为什么“阳日干”富贵喜官杀，“阴日干”富贵喜印，食伤呢？,https://www.youtube.com/watch?v=6brhSupgNPw,,
[ ],财星坏印在不同年龄段代表什么？,https://www.youtube.com/watch?v=JzfgjWX3RBs,,
[ ],八字何为“互换空亡”？,https://www.youtube.com/watch?v=89HaR1GlEyE,,
[ ],八字何为“开库”和“闭库”，“开财库”一定发财吗？,https://www.youtube.com/watch?v=wjufyvavPq8,,
[ ],八字命犯“扫把星”，就一定不好吗？,https://www.youtube.com/watch?v=GGzcs3eUKN8,,
[ ],比劫猖狂，逢官杀来制有事业，若无财星收入不高,https://www.youtube.com/watch?v=YIfcxXWCTKo,,
[ ],孤官无辅，真的难以发贵吗？,https://www.youtube.com/watch?v=i0EMJdl2540,,
[ ],命带“食神”为用，为何天生有福？,https://www.youtube.com/watch?v=5OypDIU8Ly4&pp=0gcJCU0KAYcqIYzv,,
[ ],何为马奔财乡，发如猛虎？,https://www.youtube.com/watch?v=h5yuDNZiA7s,,
[ ],禄马同乡，真的富贵自来吗？,https://www.youtube.com/watch?v=yXQjB1ngDBE,,
[ ],八字中的“明象”与“暗象”如何分别？,https://www.youtube.com/watch?v=23yZTYP-UpM,,
[ ],八字论五行之“进气”和“退气”,https://www.youtube.com/watch?v=-D4uPW9vcIg,,
[ ],这几种八字组合容易负债累累,https://www.youtube.com/watch?v=_UMs9Qx_pOM,,
[ ],如何看工作变动的应期,https://www.youtube.com/watch?v=NVnIpm3nnH0,,
[ ],天干连珠，地支连茹，是大格局吗？,https://www.youtube.com/watch?v=nJcF7YjQGkc,,
[ ],八字看何时买房,https://www.youtube.com/watch?v=YSoBvimljJ0,,
[ ],八字时墓格，晚年发福，不发少年人,https://www.youtube.com/watch?v=jVKqWGUw7I0,,
[ ],八字走墓库运，真的不好吗？,https://www.youtube.com/watch?v=dMBCRofP0Fw,,
[ ],“偏财”比“正财”更害怕“比劫”，你知道吗？,https://www.youtube.com/watch?v=AN6uCzaKcwQ,,
[ ],“比劫去财”和“比劫夺财”有何区别？为何“比劫去财”反而能发财？,https://www.youtube.com/watch?v=eaoprtHfUlE,,
[ ],十神两头挂，到底有何影响？,https://www.youtube.com/watch?v=gkkExkK765w,,
[ ],两神成象格，何以取富贵？,https://www.youtube.com/watch?v=XL1ceX8vLuA,,
[ ],八字命理看，哪类孩子适宜认干爹干妈？,https://www.youtube.com/watch?v=Uvc6wJ3MVoE&pp=0gcJCU0KAYcqIYzv,,
[ ],八字看你适合养猫狗吗,https://www.youtube.com/watch?v=GVMMDLoAPRc,,
[ ],“金神入火乡，富贵天下响”，是真的吗？,https://www.youtube.com/watch?v=Rs4QGIECWfA,,
[ ],八字寅巳申三刑，入命局有何影响？,https://www.youtube.com/watch?v=vZ7UVBd6FQY,,
[ ],命犯自刑的人，有何种人生状态表现？,https://www.youtube.com/watch?v=tJMWilGdBZ0,,
[ ],六亲无靠的八字特征,https://www.youtube.com/watch?v=x8IFWSGulvQ,,
[ ],什么是“丙夺丁光”？日月能同辉吗？,https://www.youtube.com/watch?v=SoBZs7Q5Zwc,,
[ ],伤官女可以嫁比劫男吗？,https://www.youtube.com/watch?v=xsH6QrKcj_o,,
[ ],八字如何看婆媳关系,https://www.youtube.com/watch?v=ZA4aIL_O1fo&pp=0gcJCU0KAYcqIYzv,,
[ ],什么样的男命八字能娶贵妻？,https://www.youtube.com/watch?v=FkzG9e61bTk,,
[ ],《滴天髓》财气通门户，究竟何为门户？,https://www.youtube.com/watch?v=ybt17a-lsGQ&pp=0gcJCU0KAYcqIYzv,,
[ ],八字无“印星”，是怎样一种人生体验？,https://www.youtube.com/watch?v=IXawA0ODkXE,,
[ ],糖尿病的命理特征,https://www.youtube.com/watch?v=HSTBiUhs17I,,
[ ],八字如何看学历，“学霸”还是“学渣”？,https://www.youtube.com/watch?v=_FIIfg8sdwg,,
[ ],男生女相，女生男相有何命理意义？,https://www.youtube.com/watch?v=MGGkJT4iiIk,,
[ ],八字流年见红鸾天喜，就一定结婚吗？,https://www.youtube.com/watch?v=D1fpRfjVnCs,,
[ ],什么八字容易走极端,https://www.youtube.com/watch?v=7PiQpmJNyRg,,
[ ],什么样的八字情商高,https://www.youtube.com/watch?v=CxVEWPkpwEY,,
[ ],禄元互换格，何以取贵？,https://www.youtube.com/watch?v=JCcTLsAld2Y,,
[ ],儿女双全的八字是什么样的？,https://www.youtube.com/watch?v=V2_1nO2_Ups,,
[ ],八字容易流产产厄的女命,https://www.youtube.com/watch?v=FzS35IeF5b4,,
[ ],八字如何看头胎性别,https://www.youtube.com/watch?v=3FcV6AJktg4,,
[ ],八字如何看家庭出身,https://www.youtube.com/watch?v=S1aUN0dc7_U,,
[ ],如何通过八字看名气大小？,https://www.youtube.com/watch?v=gn1DpLC3en8,,
[ ],“君子不刑不发”，是真的吗？,https://www.youtube.com/watch?v=4lw9tj-E8XA&pp=0gcJCU0KAYcqIYzv,,
[ ],八字如何看晚年运气,https://www.youtube.com/watch?v=tfuj4xiBzow,,
[ ],六乙鼠贵格，到底有多贵？,https://www.youtube.com/watch?v=Tb_JKZIY58M,,
[ ],这几种命理特征，福大命大能逢凶化吉！,https://www.youtube.com/watch?v=PCogWKp0Tqw,,
[ ],2024年壬申月运势,https://www.youtube.com/watch?v=k0dGRgvJn2k,,
[ ],八字如何看牢狱之灾,https://www.youtube.com/watch?v=xSlGzVqoqLM,,
[ ],什么是“背禄逐马”？,https://www.youtube.com/watch?v=_i4x5lPdD5s,,
[ ],八字如何看意外之灾,https://www.youtube.com/watch?v=8_3vQzV0pns,,
[ ],八字何为“干禄支命”，财在天干和地支有何区别？,https://www.youtube.com/watch?v=hZdocbxIkX0,,
[ ],什么样的八字有福气,https://www.youtube.com/watch?v=Q3P8Z9hnXrs,,
[ ],出家人的命理特征,https://www.youtube.com/watch?v=_V9_HxyLsQk,,
[ ],八字“偏印”的多面性，“枭神”，“倒食”你了解多少呢？,https://www.youtube.com/watch?v=nqKKL8QuHVg,,
[ ],论伤官配印格和从儿格的转化,https://www.youtube.com/watch?v=hyNNfwd0Qy4,,
[ ],八字金水伤官真的喜见官吗,https://www.youtube.com/watch?v=9HjZ__47BWg,,
[ ],什么八字的人容易被骗,https://www.youtube.com/watch?v=fi9iHgTDbiw,,
[ ],什么八字容易犯小人,https://www.youtube.com/watch?v=-BC3t_G6dnM,,
[ ],什么样的八字命硬,https://www.youtube.com/watch?v=4YRpOlJdnaE,,
[ ],什么八字是劳碌命,https://www.youtube.com/watch?v=0ozLwDUt7ac,,
[ ],“阴贵人”和“阳贵人”到底如何区分？如何使用？,https://www.youtube.com/watch?v=BCMKbXr4Gf8,,
[ ],何为化气格？为何财富级别如此之高？,https://www.youtube.com/watch?v=OiYaqyFX7Us&pp=0gcJCU0KAYcqIYzv,,
[ ],八字如何看流年吉凶,https://www.youtube.com/watch?v=LZHr0LArHeM,,
[ ],大运重地支，流年重天干，这是为什么呢？,https://www.youtube.com/watch?v=EFT_Y1Km0PY,,
[ ],八字某种“十神”缺失，会有怎样的人生体现呢？,https://www.youtube.com/watch?v=Xxrgl309vl8,,
[ ],八字“宫位”是如何影响人的先天和后天的？,https://www.youtube.com/watch?v=Bg4czVzzze4,,
[ ],八字如何断职业属性,https://www.youtube.com/watch?v=4YLcRLdDzvA,,
[ ],八字看哪些人容颜不易衰老？,https://www.youtube.com/watch?v=A4goW1D_wvo,,
[ ],什么八字组合的女命貌美如花？,https://www.youtube.com/watch?v=4uLNWoLWy8Q,,
[ ],什么八字的女人容易做第三者,https://www.youtube.com/watch?v=2Cg4-vHdhRI,,
[ ],什么八字能享子女福,https://www.youtube.com/watch?v=WwAPFMsgqsw,,
[ ],八字如何看父母寿命,https://www.youtube.com/watch?v=RTkPhe9AP8I,,
[ ],八字论断技巧，如何看“寿元星”？,https://www.youtube.com/watch?v=8HOD-Vepuhk&pp=0gcJCU0KAYcqIYzv,,
[ ],什么样的八字长寿,https://www.youtube.com/watch?v=MzuQHWTPZOc,,
[ ],比劫夺福，夺的不止是财,https://www.youtube.com/watch?v=9Ncmz-LLAXk,,
[ ],八字阴差阳错日，婚姻一定不好吗,https://www.youtube.com/watch?v=1fL3QgKRSvc,,
[ ],什么样的八字容易二婚,https://www.youtube.com/watch?v=xuBW_fGkMSY,,
[ ],八字合婚之何为正缘？,https://www.youtube.com/watch?v=VptqMey5tHc,,
[ ],八字如何看妈宝男,https://www.youtube.com/watch?v=EBkCqKNd-4E,,
[ ],这样八字组合的男命，容易成为“暖男”,https://www.youtube.com/watch?v=0CPBQ_kIHRc,,
[ ],这几种男命八字，容易有家暴倾向,https://www.youtube.com/watch?v=lqMcPa6daEM,,
[ ],什么样的八字男人容易花心,https://www.youtube.com/watch?v=9GvbmOS4Uwc,,
[ ],何为天元坐煞，它对人有何影响？,https://www.youtube.com/watch?v=O61rEh-xTws,,
[ ],八字男命无财星就没有妻缘吗,https://www.youtube.com/watch?v=atNxRyBHvaE,,
[ ],金白水清主富贵吗？,https://www.youtube.com/watch?v=8wUVx02LDMY,,
[ ],木火通明主富贵吗？,https://www.youtube.com/watch?v=7FXK-ZDHSYE,,
[ ],禄合财官多辛苦，女命尤不喜,https://www.youtube.com/watch?v=3K-ANMyKiC0,,
[ ],什么是八字犯旺,https://www.youtube.com/watch?v=V5IoS_eCGRc,,
[ ],三奇贵人，何奇之有？,https://www.youtube.com/watch?v=K49rPo-8Ljk,,
[ ],八字如何看胖瘦,https://www.youtube.com/watch?v=nIxbPRJJtGk,,
[ ],八字何为羊刃逢冲,https://www.youtube.com/watch?v=VubZ2_CAxFg,,
[ ],八字何为羊刃驾杀,https://www.youtube.com/watch?v=0GDGHy9ddvk,,
[ ],八字如何看女命“克夫”,https://www.youtube.com/watch?v=R0Tl1CHZxhs,,
[ ],女命无官杀，婚姻一定不好吗？,https://www.youtube.com/watch?v=zWvvgO0O9zo,,
[ ],何为七杀有制，财滋弱杀？,https://www.youtube.com/watch?v=fpXNOAJZAjM,,
[ ],何为八字入墓库,https://www.youtube.com/watch?v=C17xXB1AIVw,,
[ ],八字何为“争合”与“妒合”，“争合不合”是真的吗？,https://www.youtube.com/watch?v=16-GTkFu6ec,,
[ ],八字何为伤官合杀  名扬天下,https://www.youtube.com/watch?v=JpygyGibRrA,,
[ ],八字食伤星过旺，怎么办？,https://www.youtube.com/watch?v=GuWULr8W9b0,,
[ ],八字如何看“贵人”,https://www.youtube.com/watch?v=SC3Xa58aG9A,,
[ ],盲派如何区分“家里”和“家外”？,https://www.youtube.com/watch?v=rOZuMYt_v50&pp=0gcJCU0KAYcqIYzv,,
[ ],“伤官见官”，就一定“为祸百端”吗？,https://www.youtube.com/watch?v=QxJnpaFTg34,,
[ ],八字五行不全，命就一定不好吗？,https://www.youtube.com/watch?v=7Eq4wrJXEZc,,
[ ],2024年辛未月运势,https://www.youtube.com/watch?v=TRKqnnz1WIw,,
[ ],八字容易有烂桃花的女命,https://www.youtube.com/watch?v=clRKMirNw3c,,
[ ],八字如何区分“墙内桃花”和“墙外桃花”？,https://www.youtube.com/watch?v=ofipJc0Qxrg,,
[ ],八字十神过旺和混杂有何表现,https://www.youtube.com/watch?v=6cIZQGQ2vPg,,
[ ],八字地支“刑冲破害合”的力量对比，先后顺序是什么？,https://www.youtube.com/watch?v=dWmnpVi1Tdw,,
[ ],八字何为枭神夺食,https://www.youtube.com/watch?v=tn2tEb8v3mk,,
[ ],什么八字女命容易沦落风尘？,https://www.youtube.com/watch?v=d9YxJz_m950,,
[ ],什么样的八字容易早恋？,https://www.youtube.com/watch?v=RYF1ScUPizY,,
[ ],比桃花还厉害的“红艳煞”,https://www.youtube.com/watch?v=y6cu-a_jm_o,,
[ ],八字天地鸳鸯合，怎么看？,https://www.youtube.com/watch?v=hI3XzOaBRCo,,
[ ],官杀混杂，有真也有假，你知道吗？,https://www.youtube.com/watch?v=a8nyCNISMZw&pp=0gcJCU0KAYcqIYzv,,
[ ],八字印星太旺怎么办？,https://www.youtube.com/watch?v=aNQenpUfFYI,,
[ ],八字身弱的人，怎么做才能旺运？,https://www.youtube.com/watch?v=lOIZWfJiLcs,,
[ ],日主合财，合官代表什么？,https://www.youtube.com/watch?v=E_LB8zOIu5g,,
[ ],八字何为暗拱，暗夹,https://www.youtube.com/watch?v=bcwtLMrCy9M,,
[ ],八字中的“盖头”和“截脚”对命局有何影响？,https://www.youtube.com/watch?v=h1xQLjzSR4Y,,
[ ],八字地支藏干，该如何运用呢？,https://www.youtube.com/watch?v=g6KT3ggbgkg,,
[ ],八字何为“通关”用神，有“通关”就一定好吗？,https://www.youtube.com/watch?v=8rvegMGhILE,,
[ ],风水命理——什么八字适合养鱼,https://www.youtube.com/watch?v=dXqdiMTwXlA,,
[ ],食神制杀和伤官制杀有何区别？,https://www.youtube.com/watch?v=R6SLbFtwI_Y,,
[ ],八字如何看父母祖业,https://www.youtube.com/watch?v=NpFzH7VLHdM,,
[ ],八字如何看疾病健康,https://www.youtube.com/watch?v=btw_S9m8tno,,
[ ],八字命理之单柱论命法,https://www.youtube.com/watch?v=uWlgfZCIusQ,,
[ ],壬骑龙背格，真的主大富贵吗？,https://www.youtube.com/watch?v=uxp3YR_GPOU,,
[ ],“阳刃”和“羊刃”，有何区别呢？,https://www.youtube.com/watch?v=gD8CsYlDWog,,
[ ],八字“合能解冲”，是真的吗？,https://www.youtube.com/watch?v=dithavftcRo&pp=0gcJCU0KAYcqIYzv,,
[ ],八字何为天干通根和地支透干,https://www.youtube.com/watch?v=AqIbg-sRMhU,,
[ ],八字浅谈之魁罡,https://www.youtube.com/watch?v=KsrgGfe3S-0,,
[ ],伤官格，到底生财好还是配印好？,https://www.youtube.com/watch?v=yyBIIoiH5Tc,,
[ ],禄堂禄堂，家破人亡，是真的吗？,https://www.youtube.com/watch?v=SnrKZE5lOo4,,
[ ],八字如何看破财的应期,https://www.youtube.com/watch?v=hhq5GqpVOUg,,
[ ],福星贵人，真的福气多多吗？,https://www.youtube.com/watch?v=vcFZ3eyQ5G0,,
[ ],什么八字容易漏财不聚财,https://www.youtube.com/watch?v=afO4zdRmNTI,,
[ ],不择手段取财的八字组合,https://www.youtube.com/watch?v=PGbsYs8AJCU,,
[ ],时上偏财格，财神住我家,https://www.youtube.com/watch?v=Ox6FJgjloiQ,,
[ ],偏财遇到伤官会怎么样？,https://www.youtube.com/watch?v=8C9cziTjt-I,,
[ ],偏财遇到七杀会怎么样？,https://www.youtube.com/watch?v=0tXEUsQyWfk,,
[ ],八字如何看财富级别,https://www.youtube.com/watch?v=k2qEyfMBWI0,,
[ ],八字如何看财运，你的“财缘”到底是什么？,https://www.youtube.com/watch?v=hv7L6PyApL8,,
[ ],八字看何时能发财,https://www.youtube.com/watch?v=_joh2UTymC8,,
[ ],八字食神生财和伤官生财有什么区别,https://www.youtube.com/watch?v=JRbCq5G64gw&pp=2AYB0gcJCU0KAYcqIYzv,,
[ ],如何通过八字看学业方向，到底适合读“文科”还是“理科”？,https://www.youtube.com/watch?v=O2BSWyqIQw0&pp=0gcJCU0KAYcqIYzv,,
[ ],何为弃命从财格？,https://www.youtube.com/watch?v=ruvOedq_uLc,,
[ ],何为禄头财？,https://www.youtube.com/watch?v=5rPlkzeBjBc,,
[ ],八字之论女命,https://www.youtube.com/watch?v=8c71HHlj4ps,,
[ ],十灵日生人，真的有灵气吗？,https://www.youtube.com/watch?v=Inbf6nshmhc,,
[ ],八字“金木交战”为何易有血光之灾？,https://www.youtube.com/watch?v=QTozJTdW49w,,
[ ],八字看六亲——如何看父母关系是否和谐？,https://www.youtube.com/watch?v=RKhjfNDZkUI,,
[ ],八字身弱财旺“比劫帮身”从来不白帮，是需要付出代价的。,https://www.youtube.com/watch?v=unE343GShPA,,
[ ],十神虚透代表什么含义？,https://www.youtube.com/watch?v=FJbtrPkX1K4,,
[ ],八字何为天克地冲,https://www.youtube.com/watch?v=54Kk3VYz0os,,
[ ],燥土不生金，是真的吗？,https://www.youtube.com/watch?v=ZgjUqmk_Jec,,
[ ],你所认为的“犯太岁”，远不止生肖刑冲那么简单,https://www.youtube.com/watch?v=-WMvTLBm0aY,,
[ ],藤萝系甲，是一种格局吗？,https://www.youtube.com/watch?v=0tlddN6EDxo,,
[ ],如何观八字的气势？,https://www.youtube.com/watch?v=2Ykxm6hCoaY,,
[ ],八字无子女怎么看,https://www.youtube.com/watch?v=bWB8wLfb4yM,,
[ ],八字看配偶信息,https://www.youtube.com/watch?v=RhXvNff99Fg,,
[ ],论八字的“平衡”与“失衡”，为什么“平衡”意味着“平庸”？,https://www.youtube.com/watch?v=CoVlOfq0E1w,,
[ ],八字如何看相貌,https://www.youtube.com/watch?v=okcGQvDQ_1U,,
[ ],八字如何看性情,https://www.youtube.com/watch?v=Si4ZcHVS4MI,,
[ ],2024年庚午月运势,https://www.youtube.com/watch?v=RYGRu98_lxA,,
[ ],什么八字是五行偏枯,https://www.youtube.com/watch?v=X82KPOWOfk8,,
[ ],八字何为岁运并临,https://www.youtube.com/watch?v=rU0-PTLnXHc,,
[ ],论日支之兴隆,https://www.youtube.com/watch?v=OSYv_59AJh0,,
[ ],论八字五行的流通和平衡,https://www.youtube.com/watch?v=Otf2rEw1k8E,,
[ ],八字格局之七杀格,https://www.youtube.com/watch?v=K_kZwMXQQsM,,
[ ],八字六亲定位法,https://www.youtube.com/watch?v=tEmKIxzqM0I,,
[ ],八字干支自合，如何看？,https://www.youtube.com/watch?v=x_twnP-5BqE,,
[ ],地支六害——卯辰相害意象解读。,https://www.youtube.com/watch?v=U962SJBbwyY,,
[ ],地支六破——卯午破的意象解读,https://www.youtube.com/watch?v=dKe4uiZs77s,,
[ ],地支六合——卯戌合的意象解读,https://www.youtube.com/watch?v=J543xw_U_5k,,
[ ],论活木与死木,https://www.youtube.com/watch?v=lFOIp-bQLUs&pp=0gcJCU0KAYcqIYzv,,
[ ],上等日柱有哪些？,https://www.youtube.com/watch?v=WVdVRW38cPg,,
[ ],胎元和命宫到底怎么看？,https://www.youtube.com/watch?v=EN3HyR5JYO8&pp=0gcJCU0KAYcqIYzv,,
[ ],何为八字的精，气，神？,https://www.youtube.com/watch?v=QQyBQ-u6Pmg,,
[ ],八字神煞之“劫煞”“亡神”，到底怎么看？,https://www.youtube.com/watch?v=1i9YsDz3Cj8,,
[ ],八字神煞空亡怎么看,https://www.youtube.com/watch?v=VJwr7LC0S1E,,
[ ],神煞之文昌贵人,https://www.youtube.com/watch?v=g4SLcmwdu1s,,
[ ],八字神煞之金舆贵人,https://www.youtube.com/watch?v=u2P06LEdcNQ&pp=0gcJCU0KAYcqIYzv,,
[ ],八字神煞之天乙贵人,https://www.youtube.com/watch?v=wJ1_oSEPWbw,,
[ ],八字神煞之华盖,https://www.youtube.com/watch?v=KOYr896u8bo,,
[ ],八字何为用神,https://www.youtube.com/watch?v=mzBRw0JuALc&pp=2AYY,,
[ ],八字如何看地支相刑,https://www.youtube.com/watch?v=YoAP5Fobj6E,,
[ ],论五行的生克制化,https://www.youtube.com/watch?v=667L5CNaqDw,,
[ ],八字命理基础之地支三合,https://www.youtube.com/watch?v=hy0Q7ti0-Oc,,
[ ],八字如何看日干的阴阳,https://www.youtube.com/watch?v=N4xhUXtrRJE,,
[ ],什么八字适合研究命理玄学,https://www.youtube.com/watch?v=nYfVTc93LjE&pp=2AZ4,,
[ ],八字如何看身强身弱,https://www.youtube.com/watch?v=B5xYMgzCkFY,,
[ ],纳音论命还有用吗？,https://www.youtube.com/watch?v=MO6DFwXx_uI,,
[ ],地支六冲——巳亥相冲如何取象？,https://www.youtube.com/watch?v=SASlkyFb3Ps&pp=0gcJCU0KAYcqIYzv,,
[ ],地支六冲——辰戌冲如何取象？,https://www.youtube.com/watch?v=7R9T9uhx9kA,,
[ ],八字详谈之十二长生,https://www.youtube.com/watch?v=vfRXHT6AAFg&pp=0gcJCU0KAYcqIYzv,,
[ ],八字如何看地支相穿（相害）,https://www.youtube.com/watch?v=ezVfQAeIfWg,,
[ ],八字论天干四冲,https://www.youtube.com/watch?v=VCxmKOqqhT0,,
[ ],八字如何看天干五合,https://www.youtube.com/watch?v=GtNCjlDLe4g&pp=2AYB,,
[ ],八字如何看地支暗合,https://www.youtube.com/watch?v=cmoVf7BG_qc&pp=0gcJCU0KAYcqIYzv,,
[ ],八字如何看酒量大小,https://www.youtube.com/watch?v=boDNDBIFS7I,,
[ ],八字命理如何看同性恋,https://www.youtube.com/watch?v=YC6gZwvTIq8&pp=0gcJCU0KAYcqIYzv,,
[ ],什么八字是好色之徒,https://www.youtube.com/watch?v=EgEqIIhR9eE,,
[ ],八字神煞十恶大败，四废日,https://www.youtube.com/watch?v=XaN0fRk2c-c&pp=0gcJCU0KAYcqIYzv,,
[ ],2024甲辰年己巳月运,https://www.youtube.com/watch?v=MoeQuK33TYw,,
[ ],什么样八字的人，适合做生意！,https://www.youtube.com/watch?v=LCdV2VvHig0&pp=0gcJCU0KAYcqIYzv,,
[ ],什么八字另一半容易出轨,https://www.youtube.com/watch?v=Nn_Vwtck2Wk&pp=2AYB,,
[ ],什么是八字纯阴纯阳,https://www.youtube.com/watch?v=FNYCOUyDdYE,,
[ ],什么样的八字容易晚婚？,https://www.youtube.com/watch?v=sjpjaBcBY_s,,
[ ],八字身旺就一定不喜印星吗,https://www.youtube.com/watch?v=3OA_2WkdcGs,,
[ ],八字何为“母慈灭子” “慈母败儿”,https://www.youtube.com/watch?v=LwSOn5KsgM8,,
[ ],八字食伤泄秀格局,https://www.youtube.com/watch?v=q19uq4U_v_I,,
[ ],什么八字容易发生车祸？,https://www.youtube.com/watch?v=IISKAn2gUgA,,
[ ],八字神煞之天月德贵人,https://www.youtube.com/watch?v=2RM1VPieTKU,,
[ ],什么八字是漂泊之命,https://www.youtube.com/watch?v=geNO2kuyMqE,,
[ ],八字神煞之天罗地网,https://www.youtube.com/watch?v=BHSLBD5uNlQ,,
[ ],八字十神之劫财，真的劫你财吗？,https://www.youtube.com/watch?v=Nedxmc71Oos,,
[ ],八字闲谈之越有钱人越喜欢算命,https://www.youtube.com/watch?v=GtIwf_8BnJQ,,
[ ],什么样的八字容易借钱不还,https://www.youtube.com/watch?v=766z8hoN2Yc,,
[ ],八字官印相生 注定吃公家饭吗,https://www.youtube.com/watch?v=f0uWKm8NXNs&pp=0gcJCU0KAYcqIYzv,,
[ ],什么八字的女人命苦,https://www.youtube.com/watch?v=2HECl2QXJ18,,
[ ],八字为什么富贵难以双全？,https://www.youtube.com/watch?v=Q_qAAP1UpS0,,
[ ],什么样八字的人，适合炒股,https://www.youtube.com/watch?v=CZgBinly1_w,,
[ ],什么八字容易发横财,https://www.youtube.com/watch?v=IQ6jDCzwEhs,,
[ ],八字男怕孤辰，女怕寡宿是真的吗,https://www.youtube.com/watch?v=uJ31NbSo0iI,,
[ ],八字印禄相随，娘娘命吗？,https://www.youtube.com/watch?v=hp8ze5OM5tM,,
[ ],正偏财混杂的八字，财运上有何特点？,https://www.youtube.com/watch?v=yld_dg1DRyo&pp=0gcJCU0KAYcqIYzv,,
[ ],八字命理零基础入门课程（01）——十天干详解,https://www.youtube.com/watch?v=GjZbu1ehb0E,,
[ ],第1课 天干地支 【八字基础课程，零基础，让你轻松学八字】,https://www.youtube.com/watch?v=RtUAbaPQKOg,,
[ ],03：如何看一个人何时发财 【九龙道长网络班课程】,https://www.youtube.com/watch?v=gQdfOF4JZJg,,
[ ],01：批八字流程 【九龙道长网络班课程】,https://www.youtube.com/watch?v=kVh8EW7bLJY&pp=0gcJCU0KAYcqIYzv,,
